   15.29,   -2.28,   29.88
   15.72,   -2.02,   30.93
   16.07,   -1.01,   31.33
   16.07,   -1.01,   31.33
   15.82,   -0.11,   30.53
   16.84,   -0.18,   31.49
   15.50,   -0.39,   29.21
   15.30,   -2.32,   31.13
   15.64,   -1.59,   30.25
   15.64,   -1.59,   30.25
   14.92,   -0.76,   30.51
   14.95,   -0.95,   28.40
   17.01,   -0.86,   29.36
   15.50,   -0.39,   29.21
   15.20,   -0.29,   30.30
   16.99,   -3.25,   28.05
   15.37,   -0.98,   28.17
   15.94,   -0.73,   29.10
   17.31,   -1.62,   28.22
   16.18,    0.20,   28.64
   15.69,   -2.58,   28.36
   15.23,   -1.02,   29.41
   16.66,   -0.31,   30.06
   14.83,   -0.83,   29.80
   15.99,   -0.75,   30.64
   17.17,   -0.27,   30.54
   15.59,   -1.14,   29.86
   16.15,   -1.38,   30.75
   16.06,   -1.45,   30.03
   16.06,   -1.45,   30.03
   16.31,   -1.16,   29.67
   16.04,    0.48,   29.91
   16.74,   -0.74,   30.73
   13.93,   -1.80,   29.75
   13.93,   -1.80,   29.75
   15.85,   -1.65,   29.57
   14.91,   -1.31,   28.09
   16.91,   -0.88,   30.88
   17.41,   -1.06,   28.97
   15.98,   -1.83,   29.44
   15.98,   -1.83,   29.44
   16.25,   -1.96,   28.06
   17.95,   -1.80,   29.68
   17.00,   -2.17,   29.25
   16.65,   -1.07,   28.88
   17.17,   39.41,   32.46
   16.59,   -1.60,   28.41
   16.44,   -1.01,   29.56
   16.31,   -0.83,   29.70
   15.99,   -0.75,   30.64
   15.98,   -1.83,   29.44
   15.89,   -1.90,   28.72
   14.76,   -2.44,   28.12
   15.40,   -2.03,   27.25
   15.00,   -1.73,   28.77
   15.76,   -0.91,   28.93
   15.35,   -1.75,   30.34
   17.89,   -1.84,   29.25
   15.46,   -0.91,   28.89
   15.95,   -0.77,   30.36
   16.52,   -0.63,   30.16
   15.71,   -2.30,   29.65
   15.81,   -0.39,   29.25
   16.49,    0.16,   29.94
   15.02,    0.23,   28.93
   15.02,    0.23,   28.93
   14.29,   -1.43,   30.24
   16.32,   -0.02,   29.76
   16.57,   -1.40,   30.52
   16.73,    1.19,   30.61
   15.39,    1.35,   30.60
   15.39,    1.35,   30.60
   14.06,    1.85,   30.76
   14.99,    1.28,   29.84
   13.99,    4.28,   32.48
   14.99,    3.93,   32.15
   14.24,    4.41,   32.10
   13.29,    3.45,   30.51
   13.21,    4.69,   29.90
   13.69,    4.33,   31.33
   13.38,    4.86,   30.08
   13.85,    6.61,   31.39
   14.11,    5.17,   29.91
   12.61,    6.95,   29.87
   11.06,    7.50,   30.56
   11.15,    7.24,   31.25
   11.90,    9.93,   32.40
   11.11,    8.83,   30.96
   11.23,   10.26,   30.67
    9.92,    9.09,   32.09
    9.35,   11.06,   32.32
    8.38,   12.46,   31.75
    7.59,   11.40,   32.55
    8.40,   12.25,   33.00
    8.08,   11.11,   32.87
    7.86,   11.81,   33.45
    8.27,   12.65,   32.04
    7.59,   11.40,   32.55
    7.47,   12.88,   32.80
    7.72,   12.84,   32.40
    7.99,   11.37,   32.18
    5.85,   12.51,   30.61
    5.85,   12.51,   30.61
    6.56,   11.95,   31.49
    6.00,   12.89,   32.90
    6.78,   11.35,   32.03
    6.70,   12.59,   31.42
    5.03,   12.57,   31.22
    4.96,   11.55,   30.71
    5.71,   10.58,   30.72
    5.64,   12.58,   31.29
    5.01,   12.72,   31.09
    9.34,   12.39,   34.52
    8.95,    9.64,   32.72
    8.05,   11.89,   32.65
    9.54,   10.65,   31.47
    9.75,    9.40,   31.96
    9.66,    9.66,   31.27
   11.32,    8.28,   30.24
   11.90,    7.78,   30.13
   13.23,    7.24,   27.73
   11.94,    6.78,   28.10
   13.31,    6.49,   28.38
   12.40,    4.70,   28.27
   12.87,    5.58,   27.28
   12.90,    4.79,   27.50
   14.98,    3.97,   27.40
   13.19,    4.24,   28.61
   14.82,    5.69,   28.50
   14.19,    5.02,   28.23
   13.18,    6.07,   27.35
   13.27,    5.38,   26.89
   12.48,    4.48,   27.70
   12.48,    4.48,   27.70
   13.61,    3.95,   27.24
   14.21,    3.90,   28.42
   15.15,    4.91,   28.76
   15.16,    5.40,   28.80
   16.21,    4.27,   28.83
   16.28,    4.32,   29.41
   13.99,    4.50,   27.89
   13.13,    5.49,   28.14
   15.00,    5.50,   29.90
   12.66,    3.59,   30.31
   14.05,    4.54,   28.32
   13.87,    4.14,   29.24
   13.18,    2.08,   29.69
   14.12,    2.81,   28.88
   13.93,    2.62,   28.57
   13.74,    3.56,   28.20
   13.27,    3.17,   29.23
   13.86,    3.32,   29.17
   13.75,    4.86,   28.30
   13.25,    4.28,   29.04
   13.75,    4.86,   28.30
   13.99,    4.50,   27.89
   14.32,    5.60,   29.27
   14.58,    3.31,   28.98
   14.00,    3.97,   29.10
   13.56,    4.78,   29.11
   14.53,    3.00,   27.41
   13.91,    3.90,   28.39
   14.62,    3.66,   29.29
   13.24,    4.49,   27.79
   13.24,    4.49,   27.79
   14.76,    4.30,   29.22
   14.89,    3.31,   29.02
   15.69,    3.90,   28.32
   14.16,    3.33,   29.21
   15.47,    4.27,   28.88
   15.47,    4.27,   28.88
   13.42,    4.62,   29.22
   13.27,    2.41,   28.05
   13.96,    4.80,   27.63
   14.36,    6.06,   27.22
   14.36,    6.06,   27.22
   13.32,    4.07,   28.47
   13.11,    3.86,   28.01
   14.62,    3.07,   28.13
   12.92,    3.18,   27.65
   12.96,    3.27,   30.32
   13.75,    4.54,   28.28
   14.33,    3.18,   29.36
   13.86,    3.65,   29.20
   16.28,    4.32,   29.41
   13.91,    4.23,   28.41
   13.88,    2.58,   28.14
   13.83,    4.11,   28.95
   14.98,    3.70,   29.76
   14.79,    3.51,   29.44
   13.86,    2.83,   29.13
   14.18,    3.88,   28.14
   12.73,    3.42,   28.48
   14.63,    4.15,   29.33
   14.13,    3.63,   28.95
   13.14,    2.58,   28.19
   15.32,    3.04,   27.79
   14.52,    2.78,   28.51
   14.32,    5.60,   29.27
   13.32,    4.07,   28.47
   14.73,    2.72,   27.83
   14.73,    2.72,   27.83
   13.97,    2.71,   27.74
   14.79,    3.24,   28.30
   14.96,    3.10,   28.45
   15.77,    3.52,   27.74
   15.77,    3.52,   27.74
   15.21,    2.04,   29.23
   14.43,    3.20,   27.84
   13.87,    3.38,   28.06
   14.35,    2.66,   27.22
   15.05,    3.16,   29.16
   15.00,    3.45,   28.76
   14.32,    2.36,   29.29
   15.14,    2.41,   29.81
   14.72,    1.90,   27.77
   13.44,    2.59,   28.22
   15.48,    1.58,   27.83
   14.48,    2.75,   28.22
   14.66,    3.15,   27.30
   15.89,    3.28,   28.72
   13.29,    1.13,   28.23
   15.55,    2.77,   28.35
   15.60,    0.43,   27.61
   14.91,    1.77,   28.06
   14.69,    2.30,   28.63
   14.12,    4.16,   27.74
   15.59,    2.42,   29.87
   15.40,    1.53,   27.26
   15.31,    1.73,   27.68
   14.69,    3.12,   28.70
   14.26,    3.39,   29.92
   14.26,    3.39,   29.92
   15.71,    2.62,   28.50
   16.17,    3.11,   28.60
   14.54,    4.57,   28.66
   14.96,    2.61,   28.41
   14.96,    2.61,   28.41
   14.93,    3.89,   28.23
   14.57,    2.00,   28.87
   14.48,    2.75,   28.22
   14.56,    2.21,   27.63
   14.96,    2.07,   29.63
   14.01,    1.11,   28.04
   15.38,    3.40,   28.25
   13.65,    3.98,   27.52
   15.08,    1.62,   28.21
   13.78,    0.90,   27.43
   15.93,    1.69,   29.01
   15.14,    2.41,   29.81
   14.77,    1.61,   28.17
   14.29,    2.34,   29.01
   14.74,    2.34,   29.06
   13.24,    4.49,   27.79
   14.96,    2.61,   28.41
   13.54,    3.14,   28.98
   16.22,    3.47,   28.91
   14.65,    1.85,   27.19
   16.20,    1.83,   28.78
   13.98,    2.33,   28.97
   16.75,    4.18,   29.59
   14.86,    4.37,   29.94
   13.59,    1.83,   27.06
   13.59,    1.83,   27.06
   13.47,    1.80,   28.44
   14.77,    1.61,   28.17
   14.61,    2.84,   29.23
   15.60,    3.24,   29.94
   15.60,    3.24,   29.94
   13.58,    2.64,   30.48
   15.68,    2.00,   30.54
   15.92,    3.79,   32.39
   14.61,    2.36,   32.68
   15.95,    3.00,   32.61
   13.95,    4.03,   33.29
   13.88,    4.20,   35.11
   12.50,    4.27,   35.93
   13.60,    4.31,   36.34
   12.81,    5.52,   37.18
   12.80,    4.28,   35.97
   11.07,    5.34,   35.28
   11.51,    4.04,   35.23
   10.61,    3.99,   36.38
    9.09,    3.37,   35.03
    8.35,    4.18,   35.00
    8.45,    4.47,   34.62
    6.12,    4.73,   33.94
    5.60,    3.00,   34.57
    3.79,    3.80,   34.42
    4.04,    4.29,   36.30
    2.77,    2.52,   34.61
    3.01,    4.04,   35.32
    2.08,    5.47,   35.04
    1.81,    5.33,   35.28
    1.81,    5.33,   35.28
    1.30,    3.87,   37.06
    2.38,    4.06,   37.34
    0.50,    3.25,   35.51
   -0.46,    4.22,   37.29
   -0.46,    4.22,   37.29
    0.76,    6.40,   36.35
   -2.07,    4.13,   36.39
   -3.18,    4.03,   37.09
   -4.43,    5.28,   36.61
   -4.52,    3.92,   35.94
   -5.41,    4.58,   36.02
   -6.29,    5.56,   36.13
   -6.40,    3.86,   35.29
   -7.08,    5.52,   35.75
   -7.02,    4.00,   35.08
   -7.28,    4.52,   35.37
   -7.00,    6.39,   36.39
   -6.12,    4.65,   35.10
   -6.97,    4.85,   35.43
   -7.07,    4.78,   34.72
   -6.85,    4.18,   35.26
   -6.46,    5.92,   34.74
   -6.97,    4.85,   35.43
   -7.23,    4.07,   35.76
   -6.93,    5.09,   34.62
   -7.77,    5.24,   36.21
   -6.94,    4.12,   34.54
   -7.65,    3.76,   35.96
   -7.08,    5.20,   35.73
   -6.57,    3.19,   35.07
   -6.57,    3.19,   35.07
   -8.68,    3.34,   34.97
   -7.12,    5.76,   36.61
   -8.04,    4.83,   35.30
   -7.96,    6.18,   35.84
   -7.96,    6.18,   35.84
   -6.48,    3.75,   35.83
   -5.00,    1.37,   34.56
   -7.78,    4.26,   36.13
   -6.08,    4.15,   36.60
   -7.73,    4.84,   35.34
   -7.73,    4.84,   35.34
   -7.25,    3.30,   34.44
   -5.51,    3.48,   36.34
   -7.20,    3.77,   36.02
   -7.38,    3.63,   34.59
   -7.85,    4.21,   35.56
   -8.44,    4.05,   35.61
   -6.94,    3.79,   34.51
   -7.13,    4.95,   36.54
   -6.94,    3.25,   35.73
   -7.09,    5.46,   36.87
   -6.28,    2.87,   35.08
   -7.33,    3.18,   34.98
   -5.65,    3.06,   35.31
   -6.26,    5.04,   34.00
   -6.26,    5.36,   34.02
   -5.69,    3.56,   33.81
   -3.67,    4.00,   33.25
   -2.22,    4.03,   35.24
   -0.78,    3.67,   34.83
    0.19,    4.21,   35.41
    3.05,    3.74,   35.58
    2.56,    4.79,   36.44
    5.56,    5.56,   37.71
    8.29,    3.38,   36.88
    8.29,    3.38,   36.88
   14.32,    4.78,   36.19
   14.46,    1.49,   30.36
   15.38,    4.20,   31.66
   14.48,    3.88,   31.67
   15.08,    2.37,   29.38
   15.08,    2.37,   29.38
   15.12,    2.46,   28.56
   15.63,    2.02,   29.00
   15.45,    3.13,   28.79
   15.59,    2.42,   29.87
   15.41,    2.61,   28.47
   14.20,    2.60,   28.32
   14.92,    2.58,   28.12
   13.63,    3.21,   29.69
   15.46,    3.94,   28.86
   15.53,    1.62,   28.26
   14.10,    1.18,   28.75
   15.17,    2.44,   30.10
   15.62,    1.96,   30.11
   14.51,    1.64,   28.42
   14.27,    3.68,   31.21
   13.62,    2.39,   29.63
   14.76,    4.24,   30.33
   14.35,    3.46,   30.64
   12.95,    2.45,   30.25
   14.81,    1.97,   28.48
   14.44,    4.39,   30.17
   15.09,    3.19,   29.45
   14.73,    1.37,   28.98
   13.91,    0.99,   28.43
   13.91,    0.99,   28.43
   14.31,    1.06,   29.19
   16.02,    0.90,   27.42
   16.96,    2.66,   28.94
   16.11,    3.44,   26.94
   16.76,    2.25,   26.22
   16.76,    2.25,   26.22
   16.46,    1.54,   27.39
   16.64,    2.91,   26.40
   17.05,    1.70,   27.33
   16.95,    0.82,   26.55
   17.59,    0.69,   26.90
   17.93,    0.23,   27.18
   17.94,    1.54,   27.29
   19.47,    2.37,   27.54
   18.35,    0.70,   26.99
   19.30,    2.52,   27.39
   20.88,    0.69,   26.88
   21.56,    2.59,   26.41
   21.69,    2.09,   26.25
   23.83,    1.81,   26.63
   26.84,    0.48,   24.51
   27.43,    1.50,   23.27
   29.91,    4.05,   22.79
   32.09,    4.93,   20.05
   32.76,    2.89,   17.18
   33.17,    4.26,   14.54
   33.33,    2.87,   13.47
   32.63,    3.88,   10.40
   33.14,    3.76,   10.87
   33.81,    2.41,   10.28
   33.81,    2.41,   10.28
   34.21,    2.87,    9.95
   33.50,    1.92,   10.20
   33.57,    1.97,   10.78
   33.66,    1.44,   10.33
   33.28,    3.54,    8.49
   33.28,    3.54,    8.49
   33.53,    2.15,    9.25
   33.68,    3.08,   10.46
   33.51,    2.90,   10.28
   32.28,    1.84,   11.17
   34.17,    2.35,    9.62
   34.17,    2.35,    9.62
   34.78,    1.77,    8.53
   34.49,   -0.01,    8.63
   32.88,    0.40,    7.77
   32.75,    1.43,    6.72
   34.40,    0.42,    7.96
   33.66,    1.18,    5.70
   34.64,    0.59,    6.33
   33.89,    1.07,    6.27
   33.32,   -0.80,    5.36
   34.64,    0.59,    6.33
   33.86,   -0.73,    6.13
   33.33,    0.51,    5.46
   34.58,    0.55,    5.90
   33.38,    1.35,    5.81
   34.09,    0.78,    6.69
   34.08,   -0.03,    6.63
   33.92,    1.10,    6.56
   33.32,   -0.04,    6.53
   35.38,    2.96,    7.44
   33.81,   -0.28,    5.74
   34.22,    0.61,    6.56
   33.30,    1.24,    6.35
   33.44,   -1.03,    6.33
   34.64,    1.08,    6.37
   34.64,    1.08,    6.37
   34.07,    2.06,    6.51
   34.90,    0.51,    7.19
   33.08,    0.48,    6.97
   34.22,    0.28,    6.53
   33.18,   -0.95,    5.47
   33.18,   -0.95,    5.47
   33.45,   -0.70,    6.36
   34.09,    0.52,    5.55
   34.50,    0.97,    5.22
   33.23,    0.38,    5.86
   33.23,    0.38,    5.86
   34.88,    0.23,    5.91
   33.69,   -0.37,    4.74
   33.82,    0.54,    5.80
   34.49,    0.16,    5.15
   34.40,    0.42,    4.47
   34.59,    1.04,    5.94
   33.96,    0.37,    5.67
   34.70,   -0.93,    5.65
   33.29,    0.75,    6.31
   34.93,   -0.22,    6.30
   33.98,    0.54,    5.82
   34.25,    2.36,    4.46
   33.64,   -0.45,    5.56
   34.50,    1.30,    5.25
   35.21,    0.73,    6.13
   34.53,    0.24,    4.33
   34.29,    0.60,    4.75
   34.62,    0.31,    5.04
   33.99,    0.12,    4.81
   33.87,    0.63,    4.98
   34.01,    1.53,    6.04
   34.88,   -0.80,    7.08
   33.77,    0.23,    4.24
   34.41,    0.37,    5.72
   33.48,    1.04,    4.27
   33.48,    1.04,    4.27
   33.59,   -0.44,    4.02
   35.00,    1.61,    3.38
   33.73,    0.74,    2.73
   34.48,    0.26,    2.79
   34.48,    0.26,    2.79
   31.94,    0.31,    1.65
   33.23,    0.11,    1.23
   33.94,   -0.45,    2.11
   33.89,   -1.02,   -0.60
   32.57,    0.23,    0.74
   32.57,    0.23,    0.74
   34.74,   -1.44,    0.17
   33.93,   -1.00,   -0.31
   32.74,    0.08,    0.89
   32.56,   -0.15,    1.82
   34.71,    0.38,    2.27
   34.39,    0.19,    2.07
   34.78,    1.23,    2.76
   34.54,   -0.07,    0.95
   34.42,   -2.26,    0.07
   35.66,   -1.84,   -0.73
   32.23,   -2.17,   -0.75
   33.98,   -1.45,    0.08
   34.60,   -1.86,   -0.86
   33.55,   -1.06,   -0.92
   32.13,   -1.97,   -3.82
   32.83,   -0.44,   -3.06
   32.95,   -1.97,   -5.54
   32.72,   -1.76,   -4.99
   32.86,   -1.01,   -7.43
   31.46,   -2.94,   -9.01
   32.50,   -1.75,  -10.18
   31.26,   -3.79,   -9.38
   32.30,   -4.38,  -10.56
   31.31,   -4.87,  -12.39
   31.31,   -4.87,  -12.39
   31.53,   -4.94,  -13.07
   30.51,   -4.86,  -14.03
   30.57,   -5.89,  -14.66
   31.26,   -4.85,  -13.93
   30.57,   -4.54,  -15.81
   30.57,   -4.54,  -15.81
   28.80,   -5.02,  -15.64
   30.78,   -7.31,  -17.68
   29.30,   -7.51,  -19.83
   26.46,   -7.52,  -19.90
   27.52,   -7.51,  -19.77
   27.34,   -7.74,  -18.83
   28.52,   -8.88,  -18.92
   28.57,   -6.48,  -17.46
   26.97,   -8.93,  -19.39
   28.50,   -7.34,  -17.96
   27.85,   -6.24,  -18.37
   27.49,   -8.13,  -17.73
   26.90,   -6.93,  -18.82
   27.15,   -7.50,  -18.00
   29.00,   -6.76,  -18.69
   26.86,   -6.69,  -17.97
   26.22,   -7.69,  -18.26
   27.64,   -8.23,  -18.83
   28.60,   -7.54,  -18.38
   29.75,   -7.89,  -18.69
   27.91,   -7.82,  -17.93
   26.98,   -8.17,  -18.21
   28.54,   -7.90,  -18.84
   28.60,   -7.54,  -18.38
   28.60,   -7.54,  -18.38
   27.69,   -7.98,  -19.65
   25.91,   -8.18,  -18.34
   28.20,   -7.34,  -18.00
   27.22,   -7.51,  -19.80
   26.99,   -7.13,  -19.24
   26.99,   -7.13,  -19.24
   27.47,   -7.92,  -18.97
   27.34,   -7.74,  -18.83
   26.89,   -8.02,  -20.02
   27.21,   -8.32,  -19.87
   27.97,   -7.83,  -19.74
   27.84,   -7.92,  -20.74
   27.59,   -8.54,  -20.40
   27.97,   -8.32,  -19.78
   27.24,   -9.38,  -20.79
   27.02,   -8.46,  -21.30
   28.73,   -7.82,  -19.65
   27.54,   -7.06,  -18.47
   29.25,   -8.41,  -19.07
   28.52,   -8.88,  -18.92
   30.12,   -7.30,  -15.80
   29.66,   -7.36,  -14.75
   30.09,   -5.70,  -12.61
   30.18,   -5.96,  -15.41
   30.69,   -6.62,  -13.73
   29.41,   -6.46,  -15.54
   30.14,   -5.99,  -15.70
   30.14,   -5.66,  -15.67
   29.85,   -6.37,  -14.51
   29.93,   -6.63,  -13.82
   29.69,   -6.26,  -13.40
   31.03,   -7.94,  -12.25
   30.80,   -6.33,  -10.62
   31.54,   -4.39,  -10.65
   30.46,   -6.73,   -9.71
   31.66,   -5.44,   -9.74
   31.66,   -5.44,   -9.74
   32.27,   -5.21,   -7.28
   32.29,   -4.07,   -7.18
   31.34,   -4.76,   -4.14
   34.08,   -4.44,   -2.53
   34.69,   -4.43,   -2.45
   35.04,   -4.18,    0.27
   34.51,   -1.61,    8.79
   32.81,   -1.60,   14.17
   30.73,    0.39,   19.94
   25.42,    0.59,   23.93
   25.42,    0.59,   23.93
   22.25,   -0.52,   25.97
   20.42,    1.71,   29.14
   16.77,    1.55,   30.92
   14.71,    3.77,   32.24
   15.01,    2.05,   31.17
   15.23,    3.07,   31.69
   15.85,    2.18,   30.72
   13.72,    2.79,   30.37
   14.97,    2.29,   32.02
   15.48,    2.18,   32.49
   16.01,    1.54,   30.83
   14.48,    3.55,   31.64
   14.98,    3.11,   32.09
   14.47,    3.06,   31.60
   14.70,    0.54,   32.26
   14.83,    2.19,   30.88
   16.25,    3.00,   32.65
   15.38,    1.29,   31.71
   13.83,    1.58,   31.26
   14.40,    3.44,   32.18
   15.15,    2.64,   32.21
   15.18,    2.23,   31.34
   15.46,    2.97,   32.27
   15.55,    3.52,   33.03
   14.31,    2.84,   32.68
   14.07,    2.67,   30.82
   16.67,    2.98,   32.42
   15.34,    2.13,   30.23
   15.30,    2.10,   29.95
   14.77,    1.88,   29.31
   14.77,    1.88,   29.31
   15.79,    1.81,   30.26
   15.22,    1.99,   30.49
   14.78,    2.70,   29.37
   15.15,    3.23,   29.88
   14.22,    1.81,   28.54
   14.22,    1.81,   28.54
   13.77,    3.26,   28.46
   15.21,    2.96,   26.93
   15.25,    2.23,   26.04
   16.32,    3.06,   26.24
   15.83,    3.25,   24.80
   17.99,    4.16,   24.15
   20.66,    4.26,   25.18
   22.96,    4.36,   24.49
   22.00,    2.05,   24.05
   24.18,    4.92,   23.57
   25.88,    5.18,   22.81
   26.69,    3.88,   20.99
   28.19,    2.33,   19.93
   28.57,    3.41,   19.37
   30.35,    3.40,   19.30
   28.84,    3.01,   16.85
   29.51,    3.77,   16.30
   30.58,    4.60,   16.49
   29.02,    2.45,   15.99
   31.27,    3.43,   16.06
   32.32,    2.14,   16.09
   31.77,    3.25,   14.15
   31.91,    3.41,   14.04
   31.62,    1.80,   14.16
   31.62,    1.80,   14.16
   33.31,    2.59,   12.19
   33.11,    2.60,   14.12
   33.89,    2.69,   13.25
   31.10,    2.33,   14.70
   31.21,    2.14,   14.42
   31.21,    2.14,   14.42
   33.00,    1.23,   13.30
   30.43,    3.74,   14.17
   32.41,    1.34,   14.50
   30.60,    3.26,   14.29
   31.81,    3.28,   14.44
   32.76,    1.43,   13.71
   31.82,    4.10,   14.51
   32.40,    3.44,   14.38
   29.95,    3.23,   13.93
   32.82,    1.10,   11.87
   33.09,    1.89,   11.69
   32.88,    2.98,   11.19
   32.41,    1.18,   10.99
   33.18,    3.25,   12.37
   32.44,    0.88,   11.25
   32.20,    1.73,   11.71
   32.57,    3.02,    9.90
   32.80,    2.71,   11.72
   33.05,    1.32,   12.48
   32.50,    1.74,   11.75
   33.38,    0.53,   12.73
   32.59,    1.74,   13.57
   32.63,    0.48,   13.90
   31.44,    1.66,   12.73
   31.93,    2.13,   14.22
   31.76,    2.22,   15.19
   31.13,    1.17,   16.14
   29.14,    2.96,   18.00
   28.80,    1.21,   20.06
   24.40,    2.28,   22.96
   24.40,    2.28,   22.96
   19.04,    2.60,   26.53
   12.66,    3.86,   31.45
   14.99,    3.60,   32.13
   13.30,    4.26,   30.58
   14.21,    4.27,   30.69
   14.18,    3.28,   30.46
   14.75,    4.61,   32.60
   12.72,    3.90,   31.87
   12.92,    3.78,   32.31
   14.04,    3.83,   32.87
   14.09,    4.67,   33.22
   14.51,    4.65,   32.99
   13.61,    4.49,   33.01
   13.92,    4.49,   33.04
   13.78,    3.32,   34.33
   14.59,    3.90,   33.64
   14.42,    5.83,   33.49
   14.06,    5.13,   32.97
   14.28,    4.43,   32.38
   14.08,    4.34,   33.19
   13.43,    4.19,   35.06
   12.15,    5.27,   34.43
   11.42,    4.04,   33.40
    8.85,    5.62,   36.57
    9.17,    5.53,   35.63
    6.20,    5.80,   36.82
    4.08,    8.05,   36.61
    2.01,    6.55,   37.91
    1.39,    7.18,   37.75
    1.12,    6.71,   37.96
    1.12,    6.71,   37.96
    1.03,    6.87,   36.15
   -1.63,    7.58,   35.18
   -0.38,    4.82,   36.79
   -3.09,    5.23,   34.26
   -5.37,    5.20,   33.98
   -5.15,    5.36,   35.70
   -5.87,    6.07,   34.69
   -7.47,    7.29,   33.89
  -10.20,    5.91,   34.71
  -10.43,    6.88,   32.94
  -10.43,    6.88,   32.94
  -12.49,    4.20,   32.06
  -11.23,    5.16,   33.69
  -14.35,    5.87,   32.67
  -12.83,    6.65,   34.03
  -12.08,    5.41,   32.91
  -12.95,    6.56,   33.03
  -12.28,    3.92,   32.48
  -14.61,    5.63,   31.78
  -13.20,    4.55,   32.28
  -13.96,    5.03,   32.23
  -14.00,    4.51,   31.90
  -11.61,    6.24,   33.03
  -12.33,    6.47,   32.12
  -14.06,    7.05,   31.40
  -13.59,    7.24,   31.61
  -12.83,    6.76,   31.66
  -13.77,    5.75,   31.33
  -12.96,    3.75,   30.71
  -11.11,    5.04,   32.29
  -12.21,    5.26,   33.02
  -12.38,    6.43,   31.69
  -12.71,    6.03,   32.60
  -12.51,    6.34,   30.69
  -12.60,    7.03,   31.16
  -13.05,    7.03,   31.10
  -12.91,    7.13,   32.24
  -13.63,    6.72,   31.29
  -13.14,    6.43,   31.60
  -12.57,    4.95,   31.41
  -14.13,    5.71,   30.86
  -14.13,    5.71,   30.86
  -13.09,    5.65,   31.96
  -13.03,    7.63,   32.41
  -11.79,    7.45,   33.94
  -12.83,    6.76,   31.66
  -12.48,    5.02,   32.13
  -11.70,    6.66,   32.35
  -13.14,    5.40,   32.78
  -11.20,    5.73,   32.76
  -13.06,    5.19,   32.21
  -13.09,    5.65,   31.96
  -12.74,    5.04,   32.38
  -12.26,    5.77,   31.52
  -11.66,    7.17,   32.68
  -11.88,    7.39,   33.23
   -9.74,    7.26,   33.62
   -8.95,    6.87,   32.84
   -8.98,    7.66,   32.62
   -5.60,    4.55,   32.22
   -3.32,    4.58,   32.50
   -0.28,    5.11,   32.91
    5.95,    5.04,   33.80
   11.99,    3.10,   32.00
   14.24,    4.41,   32.10
   14.80,    3.51,   32.93
   15.17,    4.53,   33.48
   15.17,    4.53,   33.48
   14.50,    4.32,   32.96
   13.74,    4.31,   32.87
   13.55,    2.34,   32.55
   14.07,    3.53,   33.13
   14.07,    3.53,   33.13
   14.61,    2.30,   33.79
   12.91,    2.63,   32.22
   14.68,    5.26,   34.32
   13.72,    3.54,   31.55
   15.33,    3.96,   32.47
   15.33,    3.96,   32.47
   14.62,    3.17,   32.74
   14.59,    4.39,   33.68
   14.34,    4.96,   32.85
   14.52,    3.05,   33.14
   13.74,    3.82,   32.83
   12.99,    4.63,   32.80
   14.07,    3.53,   33.13
   13.17,    2.39,   33.07
   15.46,    2.97,   32.27
   16.18,    3.71,   33.26
   13.94,    3.44,   32.13
   15.11,    2.88,   33.06
   14.49,    3.02,   32.86
   14.36,    4.01,   33.06
   14.57,    3.13,   32.32
   13.60,    3.67,   32.94
   13.51,    2.85,   31.05
   15.19,    3.48,   32.56
   14.36,    3.68,   33.03
   13.90,    4.21,   31.76
   14.17,    3.06,   31.56
   13.47,    4.12,   30.72
   13.78,    3.58,   31.98
   13.80,    2.31,   32.16
   13.80,    2.31,   32.16
   14.40,    3.44,   32.18
   15.49,    2.67,   32.53
   13.90,    3.19,   32.94
   13.99,    3.79,   32.44
   14.43,    2.65,   32.40
   14.43,    2.65,   32.40
   13.61,    1.58,   33.05
   13.63,    2.62,   32.02
   15.74,    5.01,   33.31
   15.23,    1.72,   32.84
   13.89,    3.66,   32.83
   13.91,    3.68,   32.98
   13.89,    5.28,   32.82
   15.33,    3.63,   32.45
   13.99,    3.79,   32.44
   14.79,    3.02,   32.89
   14.72,    4.59,   32.31
   13.90,    4.54,   31.79
   15.64,    3.96,   32.51
   13.37,    3.02,   31.19
   14.69,    2.14,   32.11
   14.13,    3.03,   31.28
   14.57,    3.62,   32.36
   15.35,    5.26,   32.58
   14.70,    3.45,   32.22
   15.37,    3.39,   31.60
   13.77,    3.09,   31.94
   15.17,    2.54,   31.22
   15.13,    1.87,   30.89
   15.17,    2.44,   30.10
   14.11,    1.94,   29.93
   15.27,    2.83,   30.84
   16.21,    2.65,   32.34
   15.18,    2.17,   32.45
   15.89,    1.93,   29.87
   14.85,    1.13,   29.96
   14.85,    1.13,   29.96
   16.08,    2.56,   31.34
   15.03,    1.31,   30.13
   14.63,    2.10,   31.68
   13.54,    2.55,   31.31
   14.47,    1.98,   30.40
   14.47,    1.98,   30.40
   14.77,    0.53,   30.46
   14.82,    1.43,   29.70
   14.29,    1.58,   31.32
   15.70,    0.72,   30.72
   15.18,    2.77,   30.13
   14.51,    2.50,   30.72
   13.66,    1.40,   31.09
   14.90,    0.68,   30.35
   14.78,    2.37,   29.35
   14.86,    1.95,   30.02
   14.34,    2.65,   30.57
   14.99,    1.28,   29.84
   15.28,    3.32,   30.88
   15.31,    1.57,   31.16
   14.85,    1.13,   29.96
   14.17,    1.50,   30.46
   14.94,    3.62,   30.58
   14.29,    2.93,   30.17
   13.70,    1.48,   30.26
   15.09,    2.17,   30.63
   13.42,    3.60,   30.40
   15.68,    2.49,   30.58
   14.83,    2.68,   30.91
   15.49,    2.73,   31.42
   15.49,    2.73,   31.42
   14.29,    2.07,   31.36
   15.69,    3.30,   30.65
   14.96,    2.50,   30.78
   14.47,    2.74,   31.57
   15.70,    0.45,   29.58
   15.70,    0.45,   29.58
   14.78,    2.70,   29.37
   14.65,    0.93,   29.50
   16.02,    2.09,   29.75
   14.79,    0.01,   28.32
   14.79,    0.01,   28.32
   15.08,    1.88,   29.34
   15.09,    0.01,   28.36
   15.52,    1.40,   29.36
   15.54,    2.44,   28.33
   14.21,    2.55,   29.57
   16.61,    2.18,   30.81
   15.14,    2.74,   29.84
   13.90,    1.73,   29.47
   14.77,    1.39,   29.27
   13.48,    2.61,   28.51
   15.49,    1.86,   29.11
   15.10,    2.65,   30.67
   14.87,    2.01,   28.91
   15.73,    3.33,   30.94
   15.31,    2.92,   30.01
   14.87,    2.76,   30.09
   15.13,    2.19,   30.91
   14.33,    2.69,   29.32
   14.59,    0.89,   29.07
   16.49,    2.58,   29.85
   14.71,    2.91,   29.94
   15.08,    1.02,   30.53
   15.22,    2.85,   29.30
   14.63,    4.15,   29.33
   14.97,    0.51,   28.52
   14.97,    0.51,   28.52
   15.09,    3.19,   29.45
   15.07,    1.40,   29.30
   15.80,    2.14,   30.29
   14.70,    2.10,   29.87
   14.70,    2.10,   29.87
   15.59,    2.42,   29.87
   15.61,    0.38,   28.87
   15.18,    2.83,   29.01
   15.08,    1.02,   30.53
   14.11,    2.43,   29.97
   14.11,    2.43,   29.97
   14.95,    1.52,   30.70
   15.42,    3.10,   28.51
   15.83,    1.41,   29.40
   15.76,    2.11,   30.00
   14.90,    0.68,   30.35
   14.95,    0.93,   29.53
   13.91,    0.99,   28.43
   15.26,    1.26,   29.60
   14.91,    2.03,   29.20
   14.82,    1.37,   30.81
   14.70,    2.10,   29.87
   14.04,    2.64,   30.54
   15.90,    2.42,   29.91
   15.10,    4.01,   29.52
   14.95,    2.28,   28.38
   12.88,    0.62,   29.68
   13.32,    2.39,   29.59
   14.69,    2.30,   28.63
   14.19,    2.27,   28.29
   14.56,    1.68,   28.85
   15.59,    1.93,   29.83
   14.30,    3.15,   29.07
   14.95,    1.26,   29.56
   12.69,    2.53,   29.39
   12.69,    2.53,   29.39
   15.08,    1.88,   29.34
   14.95,    1.20,   30.67
   15.72,    1.76,   29.69
   14.35,    3.79,   30.67
   14.36,    1.37,   30.75
   14.36,    1.37,   30.75
   15.05,    2.67,   29.12
   14.37,    1.92,   29.68
   15.09,    1.84,   30.60
   14.84,    3.23,   29.84
   14.21,    2.82,   30.71
   14.21,    2.82,   30.71
   14.52,    3.64,   30.81
   14.95,    4.11,   30.62
   14.53,    3.59,   32.07
   12.76,    5.01,   29.87
   12.15,    6.45,   29.77
   12.66,    4.12,   29.09
   11.78,    5.59,   29.24
   11.92,    6.24,   29.17
   12.02,    6.30,   29.89
    9.33,    8.56,   29.88
    9.59,    7.99,   30.71
    7.12,    9.39,   30.10
    7.37,    9.68,   29.73
    6.36,    8.89,   29.97
    4.61,   12.32,   30.31
    4.80,   13.37,   29.44
    4.60,   13.93,   30.16
    2.14,   11.34,   28.54
    2.32,   13.90,   29.88
    0.11,   12.35,   28.93
    0.82,   11.78,   29.81
    0.11,   12.67,   28.95
   -0.22,   13.62,   28.71
   -2.57,   11.76,   27.86
   -2.57,   11.76,   27.86
   -2.53,   12.01,   27.05
   -2.94,   15.00,   29.61
   -3.55,   13.91,   28.33
   -4.87,   13.28,   28.54
   -5.71,   13.69,   27.77
   -5.71,   13.69,   27.77
   -4.92,   12.11,   28.16
   -7.04,   14.62,   29.08
   -7.54,   12.85,   27.48
   -7.09,   12.96,   28.66
   -7.09,   12.96,   28.66
   -8.75,   12.63,   28.58
   -7.10,   12.47,   28.62
   -8.62,   12.13,   28.41
   -8.32,   12.40,   29.59
   -9.74,   12.07,   27.85
   -9.91,   11.73,   27.67
   -8.03,   13.58,   28.32
   -8.81,   13.82,   29.22
   -8.64,   14.00,   29.40
   -9.68,   12.38,   29.42
   -8.49,   12.55,   29.44
   -7.10,   12.15,   28.60
   -8.67,   12.41,   28.01
   -8.74,   13.12,   28.62
   -9.09,   13.89,   28.22
   -9.62,   12.75,   29.88
   -8.04,   13.09,   28.28
   -8.20,   13.72,   28.17
   -9.19,   11.71,   27.47
   -9.42,   13.22,   27.98
   -7.35,   13.04,   27.80
   -8.85,   11.75,   27.80
   -8.60,   13.76,   28.55
   -9.34,   12.47,   28.63
   -7.79,   14.34,   27.85
   -7.79,   14.34,   27.85
   -8.24,   13.21,   27.85
   -8.88,   12.48,   28.69
   -7.88,   13.68,   29.46
   -8.72,   11.24,   27.63
   -8.72,   11.24,   27.63
   -8.84,   12.23,   27.84
   -9.38,   11.63,   28.28
   -8.71,   12.65,   28.86
   -7.09,   12.96,   28.66
   -8.73,   13.93,   28.68
   -9.35,   14.56,   28.52
   -8.95,   14.04,   28.11
   -8.25,   12.88,   27.82
   -9.00,   13.63,   28.91
   -8.63,   14.49,   29.44
   -7.53,   14.85,   29.88
   -8.57,   13.30,   28.79
   -6.93,   12.65,   28.80
   -7.57,   14.50,   29.57
   -6.94,   14.15,   31.01
   -7.14,   13.14,   30.63
   -7.93,   13.11,   30.25
   -7.76,   13.88,   28.10
   -7.13,   13.47,   30.66
   -7.67,   13.62,   28.79
   -8.24,   14.07,   30.15
   -7.12,   13.69,   29.56
   -8.43,   13.61,   28.69
   -7.55,   12.73,   29.71
   -7.99,   13.07,   29.82
   -7.99,   13.07,   29.82
   -7.00,   13.78,   30.56
   -8.50,   14.64,   29.33
   -9.15,   13.09,   30.10
   -8.85,   13.74,   30.05
   -8.85,   13.74,   30.05
   -9.09,   13.89,   28.22
   -8.73,   14.20,   29.82
   -9.38,   12.12,   28.32
  -10.00,   12.53,   29.26
   -8.90,   13.75,   28.51
   -8.90,   13.75,   28.51
   -9.27,   13.33,   29.13
   -9.54,   13.02,   29.35
  -10.98,   13.11,   28.63
   -9.69,   11.56,   29.36
  -11.75,   11.53,   27.29
  -11.94,   13.72,   28.14
  -11.87,   12.52,   27.49
  -11.74,   13.10,   28.53
  -11.87,   12.52,   27.49
  -12.76,   11.83,   28.73
  -12.06,   14.38,   28.32
  -13.01,   13.75,   26.75
  -12.61,   10.91,   27.55
  -11.18,   13.99,   29.37
  -11.60,   12.40,   29.61
  -12.54,   13.01,   29.27
  -11.51,   13.32,   29.14
  -10.21,   13.08,   29.97
  -10.63,   12.61,   30.16
   -9.90,   13.41,   30.04
   -9.48,   14.68,   29.77
   -9.41,   13.44,   30.38
   -7.82,   15.13,   31.13
   -8.43,   12.85,   31.01
   -8.43,   12.85,   31.01
   -8.84,   11.97,   30.19
   -8.77,   13.85,   29.51
   -8.92,   12.12,   28.38
   -8.13,   11.73,   27.60
   -9.27,   12.95,   26.86
   -9.27,   12.95,   26.86
   -9.90,   13.30,   25.42
   -8.41,   11.47,   26.57
   -9.57,   11.49,   26.85
   -9.51,   13.64,   27.31
   -7.97,   13.94,   28.78
   -8.07,   12.53,   29.21
   -8.04,   11.41,   29.40
   -7.93,   14.46,   29.10
   -8.75,   12.63,   28.58
   -8.33,   14.00,   29.44
   -8.81,   11.77,   28.08
   -9.82,   12.82,   27.21
   -9.85,   13.88,   28.13
   -8.52,   13.01,   29.19
   -8.99,   11.27,   27.88
   -7.41,   12.14,   28.56
   -9.09,   13.89,   28.22
   -8.83,   13.05,   27.90
   -9.00,   13.69,   27.79
  -10.33,   13.31,   29.00
   -8.45,   12.57,   29.73
   -8.78,   13.03,   29.44
   -9.69,   11.56,   29.36
   -8.38,   13.43,   30.22
   -8.38,   13.43,   30.22
   -8.69,   13.42,   30.18
   -8.11,   13.30,   28.85
   -7.92,   13.92,   30.32
   -7.94,   13.64,   29.04
   -7.72,   13.04,   29.57
   -7.72,   13.04,   29.57
   -7.15,   11.90,   29.41
   -7.50,   12.08,   27.85
   -8.71,   12.33,   28.84
   -8.32,   11.21,   27.26
   -6.53,   11.53,   27.22
   -6.53,   11.53,   27.22
   -8.13,   12.75,   26.43
   -7.18,   12.90,   27.95
   -8.67,   12.15,   26.87
   -8.22,   12.42,   28.07
   -9.15,   12.34,   25.43
   -8.55,   13.47,   25.46
  -10.54,   12.41,   26.25
   -9.13,   14.46,   25.60
  -10.01,   13.55,   24.59
  -11.31,   11.32,   24.95
  -12.84,   13.33,   25.76
  -13.29,   11.66,   23.48
  -14.75,   12.54,   22.54
  -14.77,   10.91,   22.40
  -16.79,   13.45,   21.80
  -17.55,   13.11,   21.68
  -19.88,   12.77,   19.84
  -22.75,   11.67,   18.42
  -25.03,   12.17,   16.93
  -28.81,   11.28,   14.31
  -31.89,   12.34,   10.11
  -32.42,   12.12,    9.47
  -34.63,   10.63,    7.41
  -34.80,   11.74,    7.19
  -34.80,   11.74,    7.19
  -35.54,   12.01,    8.38
  -36.45,   10.28,    7.16
  -35.67,   12.41,    7.42
  -35.27,    9.08,    8.18
  -34.70,   11.27,    9.12
  -34.70,   11.27,    9.12
  -33.94,   11.77,    9.26
  -34.07,   11.46,    9.36
  -33.76,   11.42,   10.65
  -32.76,   10.31,   12.64
  -32.76,   10.31,   12.64
  -28.29,   11.97,   14.85
  -23.74,   11.48,   19.97
  -23.08,   10.08,   20.49
  -17.55,   11.33,   25.17
  -12.57,   10.40,   29.05
  -10.14,   12.37,   29.37
   -8.88,   11.61,   29.88
   -9.15,   12.23,   27.80
   -9.50,   13.11,   28.52
  -10.33,   13.80,   29.04
   -9.10,   13.44,   30.42
   -9.11,   11.77,   28.05
   -8.92,   12.45,   28.40
   -8.12,   12.97,   28.82
   -8.11,   13.30,   28.85
   -8.72,   11.84,   28.80
   -8.02,   13.37,   29.56
   -8.25,   12.39,   27.78
   -7.95,   12.66,   28.96
   -9.10,   13.07,   28.15
   -9.57,   11.76,   27.99
   -8.84,   12.23,   27.84
   -8.49,   13.08,   28.23
   -9.34,   12.47,   28.63
   -9.42,   11.87,   29.13
   -9.42,   11.87,   29.13
  -10.30,   13.34,   29.28
   -9.04,   13.11,   28.58
   -7.36,   12.98,   28.91
   -9.51,   11.80,   28.42
   -9.51,   11.80,   28.42
   -8.75,   12.30,   28.55
   -9.11,   12.26,   28.09
   -6.96,   13.38,   29.69
   -8.70,   13.14,   28.90
   -8.83,   12.19,   29.09
   -8.83,   12.52,   29.12
   -8.95,   13.18,   29.30
   -9.01,   13.14,   28.87
   -7.88,   13.68,   29.46
   -7.76,   13.02,   29.29
   -9.47,   12.64,   28.77
   -8.09,   14.66,   27.84
   -7.55,   12.73,   29.71
   -7.23,   12.32,   28.74
   -6.63,   13.29,   28.75
   -7.23,   12.59,   29.87
   -6.17,   12.33,   28.87
   -4.74,   11.75,   29.55
   -5.72,   12.34,   28.92
   -4.64,   13.66,   29.16
   -4.85,   13.72,   29.83
   -3.36,   12.48,   28.66
   -4.03,   12.54,   29.28
   -2.18,   11.50,   28.58
   -1.49,   12.54,   29.31
   -1.49,   12.54,   29.31
   -1.58,   11.88,   30.92
   -0.07,   12.44,   29.89
    0.03,   12.56,   29.49
    2.26,   12.51,   30.60
    2.26,   12.51,   30.60
    3.07,   13.42,   29.93
    3.97,   12.18,   28.82
    3.61,   11.22,   30.66
    5.83,   14.06,   31.57
    6.61,   12.26,   29.57
    6.61,   12.26,   29.57
    7.87,   12.09,   31.24
    7.52,   13.99,   30.79
    8.55,   12.85,   30.69
   10.61,   12.83,   30.52
    9.12,   14.61,   30.48
   10.86,   12.64,   30.11
    9.69,   13.14,   30.29
    9.96,   13.34,   28.94
   10.31,   12.56,   29.34
   11.26,   12.71,   30.86
   11.11,   12.60,   29.72
   11.78,   12.01,   30.31
   13.71,   13.40,   31.36
   12.05,   12.74,   31.24
   11.76,   13.78,   30.17
   13.40,   13.93,   30.10
   13.64,   12.06,   30.82
   12.53,   12.55,   29.19
   14.19,   11.86,   30.45
   15.12,   13.07,   29.55
   14.24,   13.19,   30.85
   14.65,   13.71,   29.40
   14.90,   11.89,   29.01
   15.56,   12.26,   29.53
   15.30,   12.78,   29.82
   15.57,   13.08,   29.60
   15.20,   12.33,   30.19
   15.17,   13.98,   28.79
   14.97,   11.68,   28.44
   15.14,   11.85,   28.61
   14.43,   14.74,   30.01
   15.72,   13.19,   30.74
   15.97,   13.15,   30.35
   15.25,   12.74,   29.39
   15.92,   12.31,   30.00
   15.43,   12.87,   30.82
   15.43,   12.87,   30.82
   15.30,   12.45,   29.80
   15.56,   11.51,   28.36
   14.10,   11.59,   27.49
   15.75,   11.97,   29.81
   15.75,   11.97,   29.81
   17.57,   11.99,   30.03
   16.45,   11.61,   29.45
   14.53,   11.52,   28.51
   16.14,   13.76,   28.19
   14.19,   13.21,   29.30
   14.19,   13.21,   29.30
   16.58,   11.76,   29.34
   15.59,   11.05,   28.60
   17.57,   12.48,   30.07
   15.57,   12.65,   28.45
   14.06,   13.12,   28.30
   16.17,   13.79,   28.47
   15.64,   13.24,   27.81
   15.71,   12.53,   27.20
   14.64,   12.46,   28.18
   15.43,   11.68,   28.49
   14.82,   13.40,   29.53
   13.08,   12.36,   28.82
   13.89,   13.21,   29.27
   13.96,   14.55,   29.80
   11.98,   14.04,   29.52
   12.57,   12.31,   28.34
   10.64,   12.48,   28.40
   10.94,   12.75,   29.57
   10.52,   15.35,   29.73
   11.44,   13.33,   28.84
    9.78,   12.77,   29.85
    7.84,   13.41,   29.81
    8.05,   13.35,   29.13
    7.91,   12.71,   29.20
    6.98,   13.28,   30.11
    5.64,   12.90,   31.32
    2.68,   13.88,   31.46
    1.21,   14.76,   30.51
    1.14,   13.09,   29.95
   -1.36,   12.31,   30.28
   -1.36,   12.31,   30.28
   -1.37,   14.67,   31.31
   -1.27,   13.24,   29.81
   -1.49,   12.81,   30.45
   -1.45,   12.57,   29.60
   -1.57,   12.97,   28.63
   -1.57,   12.97,   28.63
   -1.30,   13.70,   29.56
   -1.74,   13.87,   29.66
   -0.61,   12.69,   29.15
   -1.18,   13.30,   30.53
   -1.18,   13.30,   30.53
   -0.63,   12.62,   30.12
   -1.19,   12.49,   30.46
   -1.53,   11.97,   30.10
   -2.23,   13.35,   29.28
   -0.89,   13.46,   30.43
   -1.30,   14.29,   30.73
   -2.02,   12.69,   30.93
   -1.88,   12.47,   28.56
   -1.52,   13.27,   30.20
   -0.36,   13.84,   31.09
   -1.33,   13.41,   31.63
   -0.84,   15.12,   30.85
   -0.36,   13.35,   31.05
   -0.97,   14.70,   29.82
   -2.20,   13.05,   29.54
   -1.58,   12.74,   29.73
   -0.65,   14.65,   31.12
   -1.53,   13.32,   28.95
   -2.13,   14.23,   30.06
   -1.25,   14.87,   29.94
   -0.70,   15.43,   30.75
   -0.45,   14.10,   30.40
   -2.14,   13.91,   30.04
   -2.70,   12.80,   30.30
   -1.02,   13.37,   29.43
   -1.02,   13.37,   29.43
   -2.05,   14.51,   29.54
   -0.70,   15.43,   30.75
   -0.54,   14.79,   30.86
   -0.45,   13.78,   30.37
   -0.45,   13.78,   30.37
   -1.02,   13.04,   29.41
   -0.04,   13.53,   31.24
   -1.93,   13.78,   30.47
   -0.71,   14.62,   30.69
   -0.58,   13.95,   30.51
   -0.58,   13.95,   30.51
   -0.90,   12.64,   30.37
   -0.50,   14.55,   30.01
   -0.94,   12.62,   30.08
   -1.31,   13.21,   29.52
   -0.50,   13.53,   31.18
   -0.25,   14.68,   29.63
   -1.92,   14.60,   30.54
    0.94,   14.79,   30.76
   -0.94,   12.62,   30.08
   -1.55,   14.87,   29.91
   -0.41,   14.13,   30.68
    0.04,   14.14,   30.74
    0.02,   14.92,   30.52
   -1.58,   12.74,   29.73
   -1.77,   14.17,   29.41
   -1.70,   13.63,   28.81
   -0.03,   14.35,   31.31
   -1.01,   14.18,   29.50
   -0.81,   14.06,   29.93
   -1.79,   12.54,   29.27
   -0.40,   14.08,   31.94
   -1.47,   13.85,   29.42
   -0.98,   13.88,   29.76
   -0.82,   13.24,   29.87
   -1.34,   13.94,   30.42
   -1.59,   14.84,   29.62
   -0.61,   14.74,   30.29
   -1.26,   13.73,   29.85
   -0.18,   13.65,   29.00
   -1.01,   14.18,   29.50
   -0.90,   13.99,   29.22
   -1.80,   13.07,   28.06
   -0.97,   14.21,   29.78
   -2.28,   13.80,   28.89
   -1.61,   14.56,   28.34
   -0.31,   13.88,   28.02
   -0.31,   13.88,   28.02
   -0.73,   13.58,   28.23
   -0.31,   13.88,   28.02
   -0.20,   13.21,   27.70
    0.38,   12.55,   27.58
    0.38,   12.55,   27.58
   -1.25,   13.41,   26.47
    0.61,   13.26,   28.22
    0.48,   13.59,   28.37
    0.81,   13.88,   29.69
   -1.53,   13.05,   27.81
   -1.53,   13.05,   27.81
   -0.09,   14.58,   28.52
    0.66,   14.10,   28.58
    0.11,   14.03,   27.81
    1.39,   14.57,   28.42
   -0.25,   15.27,   27.30
    0.92,   13.75,   28.30
    1.36,   12.12,   28.22
    0.81,   14.80,   27.39
    2.39,   14.54,   28.12
    2.83,   15.40,   26.85
    2.07,   15.06,   26.73
    1.87,   13.09,   26.41
    1.21,   15.25,   27.06
    3.42,   16.04,   26.83
    1.97,   17.47,   24.81
    2.42,   18.02,   23.65
    2.23,   20.20,   24.50
    0.84,   20.38,   22.95
   -0.22,   20.59,   21.73
    1.21,   20.81,   22.33
    0.93,   23.52,   20.14
    0.38,   23.44,   19.37
    2.05,   24.39,   20.77
    0.97,   26.51,   19.27
    1.29,   25.24,   19.49
    1.08,   27.94,   15.49
    1.38,   27.95,   15.52
    2.73,   28.60,   15.60
    0.36,   29.53,   13.43
    2.16,   30.67,   13.46
    2.16,   30.67,   13.46
    2.15,   29.53,   13.37
    1.76,   29.78,   12.64
    1.73,   30.84,   13.56
    0.85,   30.16,   11.45
    0.71,   32.00,   10.32
    0.71,   32.00,   10.32
    1.34,   32.34,   10.56
    0.52,   31.05,    8.82
    2.01,   32.61,    9.97
    0.77,   33.06,    9.57
    1.16,   32.27,    8.02
    0.30,   34.55,    8.24
    0.72,   33.89,    8.10
   -0.60,   33.96,    7.10
    0.42,   34.48,    5.73
   -0.20,   34.52,    4.40
   -0.31,   33.31,    3.60
   -0.57,   34.26,    5.04
    0.17,   36.73,    3.79
   -1.68,   35.61,    2.22
   -1.04,   35.43,    3.68
   -1.85,   34.95,    2.00
   -0.92,   37.18,    3.41
   -1.03,   37.16,    1.44
   -0.49,   37.77,    1.00
    0.70,   37.82,   -0.25
   -0.84,   36.17,   -0.57
   -1.47,   37.27,   -0.84
   -1.02,   36.79,   -0.82
   -1.38,   36.91,   -1.28
   -1.38,   36.91,   -1.28
    0.11,   35.34,   -2.48
   -0.53,   38.34,   -1.62
   -1.22,   38.26,   -2.41
   -1.17,   36.42,   -3.11
   -0.76,   37.03,   -3.43
   -0.76,   37.03,   -3.43
   -0.94,   36.69,   -3.61
   -1.16,   36.47,   -4.22
   -0.06,   37.00,   -3.76
    0.57,   35.90,   -3.50
   -0.13,   37.54,   -3.17
    0.41,   37.29,   -2.43
   -1.97,   35.56,   -3.55
    0.08,   36.13,   -2.70
   -1.30,   34.97,   -2.96
    0.39,   36.36,   -0.27
   -1.25,   37.00,   -0.28
   -1.25,   35.81,   -2.61
    0.76,   36.79,   -0.89
   -0.72,   35.93,    0.40
   -1.31,   35.34,   -0.69
   -1.93,   35.92,    0.25
   -1.43,   36.76,    0.66
   -2.11,   35.52,    1.18
   -2.11,   35.52,    1.18
   -1.37,   37.07,    2.23
   -0.86,   36.42,    3.92
   -0.90,   35.04,    4.78
   -0.48,   33.78,    6.82
   -0.44,   32.94,    8.30
   -0.44,   32.94,    8.30
    0.23,   33.54,   11.22
    1.59,   30.42,   12.53
    1.17,   28.60,   13.87
    1.54,   27.25,   16.74
    2.64,   26.43,   18.35
    2.64,   26.43,   18.35
    1.55,   20.89,   21.54
    1.25,   20.03,   22.70
    1.88,   17.41,   24.10
    1.94,   15.30,   25.75
    0.99,   13.48,   25.35
    0.26,   12.74,   24.37
    0.31,   13.58,   24.72
    0.66,   13.56,   26.30
    1.86,   12.21,   27.45
    0.48,   13.10,   28.34
    2.14,   13.76,   28.45
    0.91,   12.71,   29.33
    1.39,   11.66,   28.47
    0.60,   12.71,   29.30
    0.93,   14.83,   29.51
    1.56,   14.75,   28.60
    1.47,   13.82,   29.07
    1.76,   13.28,   30.18
    0.61,   13.20,   29.34
    0.12,   13.65,   29.03
    1.35,   11.90,   29.32
    0.91,   12.71,   29.33
   -0.14,   12.65,   30.46
    2.47,   12.44,   29.92
    2.47,   12.44,   29.92
    1.13,   12.28,   29.88
    1.56,   13.89,   29.79
    0.52,   11.84,   28.66
    0.08,   13.41,   29.85
    1.88,   12.29,   29.98
    1.88,   12.29,   29.98
    2.41,   11.91,   29.45
    1.39,   14.84,   29.56
    1.50,   13.03,   29.29
    0.70,   12.77,   30.01
    1.49,   12.22,   29.22
    0.57,   13.17,   29.05
    0.78,   11.76,   29.52
    0.33,   12.51,   30.64
    0.84,   13.41,   29.94
    2.28,   13.81,   30.70
    2.47,   12.44,   29.92
    2.08,   12.70,   29.20
    2.51,   11.98,   30.17
    2.92,   11.96,   29.94
    3.66,   11.73,   30.98
    2.61,   12.27,   29.78
    1.60,   13.91,   30.07
    3.04,   14.15,   30.82
    2.32,   13.90,   29.88
    2.30,   12.53,   30.88
    3.43,   13.40,   31.51
    3.96,   13.19,   31.00
    2.46,   15.13,   30.97
    2.74,   12.69,   30.81
    2.74,   12.69,   30.81
    3.50,   12.70,   30.90
    3.36,   12.28,   29.88
    3.65,   14.16,   30.90
    4.22,   13.44,   31.89
    3.33,   12.85,   30.75
    3.33,   12.85,   30.75
    4.06,   11.76,   29.50
    2.41,   11.91,   29.45
    2.31,   13.08,   29.81
    2.46,   11.14,   29.81
    2.46,   11.14,   29.81
    2.36,    9.40,   30.22
    2.44,    8.42,   31.97
   -0.64,    8.03,   31.29
   -1.87,    6.39,   31.01
   -4.26,    3.58,   32.17
   -5.72,    2.04,   31.31
   -8.24,    2.53,   27.97
  -11.67,   -0.22,   28.04
  -11.25,    0.09,   27.83
  -14.61,   -1.91,   27.26
  -14.85,   -1.22,   27.71
  -14.10,   -2.03,   27.74
  -14.57,   -5.12,   27.57
  -14.29,   -4.00,   27.42
  -18.13,   -5.22,   26.57
  -18.01,   -5.94,   27.51
  -17.50,   -7.13,   26.92
  -20.80,   -8.76,   26.81
  -22.35,   -7.09,   27.45
  -23.84,   -6.54,   26.34
  -22.70,   -8.10,   27.05
  -22.97,  -11.68,   25.05
  -22.32,  -10.56,   26.62
  -23.26,  -11.46,   23.92
  -20.67,  -11.31,   25.50
  -20.67,  -11.31,   25.50
  -21.19,  -12.07,   26.07
  -23.23,  -12.46,   25.38
  -21.45,  -12.25,   24.07
  -18.87,  -13.46,   23.31
  -18.87,  -13.46,   23.31
  -15.23,  -11.85,   24.86
  -12.16,  -12.65,   26.70
   -7.60,  -11.24,   26.11
   -6.31,  -11.01,   26.84
   -0.75,  -14.42,   28.36
   -1.82,  -12.34,   28.12
   -0.14,  -11.61,   27.26
    1.10,  -14.00,   27.64
    3.18,  -13.19,   27.54
    4.44,  -16.81,   26.98
    5.52,  -15.98,   27.18
    6.46,  -17.02,   26.37
    6.91,  -18.47,   26.45
    9.03,  -17.91,   25.49
    9.75,  -19.71,   25.30
   10.23,  -22.54,   24.43
   10.48,  -23.87,   24.08
   11.04,  -24.86,   23.78
   13.86,  -25.03,   23.69
   13.36,  -25.02,   22.10
   13.87,  -26.53,   21.48
   13.51,  -28.19,   21.02
   13.90,  -28.94,   21.71
   14.61,  -28.91,   20.26
   13.30,  -30.45,   19.42
   13.30,  -30.45,   19.42
   12.88,  -30.75,   19.63
   11.60,  -31.09,   21.26
   10.67,  -29.66,   20.98
   11.16,  -29.89,   20.18
   11.16,  -29.89,   20.18
   10.79,  -30.65,   20.78
   10.41,  -30.11,   21.33
   12.15,  -28.91,   22.06
   11.06,  -27.76,   23.97
   10.77,  -25.87,   21.72
   10.77,  -25.87,   21.72
   11.80,  -23.77,   25.08
    9.69,  -20.77,   26.04
   10.48,  -14.97,   27.44
    8.84,  -13.57,   28.61
   10.14,   -8.96,   29.42
    7.23,   -9.99,   28.84
    6.20,   -7.56,   28.91
    7.30,   -4.12,   29.32
    5.28,   -2.94,   29.87
    7.34,   -2.21,   30.73
    6.54,   -0.62,   30.35
    7.11,    0.32,   30.07
    5.55,    0.81,   28.38
    4.85,    1.92,   29.93
    3.84,    2.75,   30.15
    5.32,    3.56,   30.11
    4.33,    4.24,   30.47
    0.81,    3.20,   29.82
    0.08,    4.78,   31.11
   -3.18,    4.79,   31.28
   -8.38,    2.81,   29.23
  -14.03,    4.01,   28.23
  -13.83,    4.96,   29.72
  -11.99,    5.64,   30.14
  -11.99,    5.64,   30.14
  -12.07,    5.90,   29.45
  -10.86,    3.87,   28.46
   -6.06,    2.01,   30.99
    1.05,    5.32,   31.69
    2.61,    5.59,   31.07
    2.61,    5.59,   31.07
    6.44,    8.14,   30.62
    9.10,    8.29,   30.39
    8.47,   10.85,   30.10
    9.56,   11.96,   31.58
    8.68,    8.90,   31.79
    9.34,    9.75,   32.21
    8.83,    7.98,   30.61
    7.99,    9.64,   31.06
    9.34,    8.89,   29.91
    8.61,   10.14,   31.18
    9.10,   11.09,   32.71
    8.62,    9.13,   29.00
    9.78,    8.19,   31.02
    7.82,    9.36,   29.76
    8.62,    8.64,   28.96
    8.03,    8.81,   29.05
    9.68,    8.65,   29.09
    9.21,    8.80,   28.91
    8.84,    9.39,   28.35
    7.67,    8.50,   27.44
    7.05,   12.31,   28.37
    8.04,   10.11,   29.15
    7.79,    9.33,   29.48
    8.79,    9.31,   29.18
    8.79,    9.31,   29.18
    8.04,    9.62,   29.11
    9.23,   11.29,   31.34
   10.01,   10.18,   31.63
    7.47,    9.75,   30.45
    7.88,    9.67,   31.33
    7.88,    9.67,   31.33
    8.02,   10.64,   31.29
    7.81,    8.55,   29.70
    8.68,    9.76,   30.60
    7.93,   10.57,   30.57
    8.23,   10.25,   30.58
    8.27,    8.98,   30.90
    6.71,    9.74,   30.36
    6.95,   10.07,   28.74
    7.89,   10.48,   31.40
    8.42,   10.38,   32.01
    7.52,   10.22,   32.03
    6.55,    7.95,   30.33
   10.22,    7.91,   29.80
    8.92,    7.78,   30.19
    9.48,    6.35,   28.75
   11.67,    6.81,   28.35
   12.57,    7.29,   28.36
   11.89,    6.54,   28.91
   13.91,    6.81,   28.34
   10.89,    4.74,   26.97
   12.19,    6.11,   27.80
   12.99,    4.53,   28.19
   12.58,    5.69,   28.51
   12.53,    4.52,   28.13
   12.53,    4.52,   28.13
   13.08,    4.92,   28.93
   12.89,    5.16,   29.76
   13.60,    5.13,   29.42
   13.67,    3.56,   30.01
   12.80,    1.86,   29.07
   12.80,    1.86,   29.07
   14.33,    3.18,   29.36
   14.32,    1.88,   29.25
   14.08,    3.22,   29.75
   13.75,    2.81,   30.66
   13.54,    3.14,   28.98
   12.89,    5.10,   30.87
   13.14,    2.05,   29.40
   14.13,    4.06,   30.10
   13.47,    3.68,   29.57
   11.68,    3.69,   29.64
   14.35,    4.22,   31.82
   13.51,    4.69,   29.94
   14.06,    4.27,   30.67
   13.62,    2.39,   29.63
   14.22,    3.64,   30.78
   13.44,    1.99,   30.55
   13.96,    4.21,   29.95
   14.40,    4.30,   30.99
   13.71,    2.46,   30.34
   14.39,    3.81,   30.95
   14.18,    3.61,   30.49
   13.07,    4.15,   31.10
   13.57,    3.65,   32.65
   14.18,    3.88,   31.63
   14.59,    4.49,   31.31
   14.59,    4.49,   31.31
   13.51,    2.85,   31.05
   13.55,    4.72,   30.22
   12.78,    3.40,   30.03
   12.06,    3.48,   29.11
   12.06,    3.48,   29.11
   13.19,    2.89,   29.76
   14.37,    1.92,   29.68
   13.53,    2.60,   30.05
   14.84,    2.74,   29.80
   14.80,    2.98,   30.66
   15.00,    3.45,   28.76
   13.30,    4.26,   30.58
   14.26,    3.39,   29.92
   14.39,    3.22,   29.79
   14.43,    4.06,   30.14
   13.68,    2.92,   30.10
   13.19,    2.57,   29.73
   13.50,    3.38,   29.83
   13.36,    2.21,   31.12
   14.14,    4.87,   30.17
   14.39,    3.22,   29.79
   13.15,    2.54,   29.44
   12.67,    4.08,   30.35
   13.82,    3.67,   31.15
   15.15,    3.56,   29.91
   13.98,    5.51,   30.06
   14.12,    1.89,   31.18
   13.38,    3.51,   31.23
   14.28,    5.03,   30.06
   14.13,    3.57,   30.06
   14.13,    3.57,   30.06
   14.62,    3.33,   29.27
   14.16,    2.84,   29.17
   14.04,    2.64,   30.54
   14.51,    2.82,   30.75
   14.51,    2.82,   30.75
   14.28,    2.61,   30.14
   14.09,    4.03,   29.82
   12.61,    2.69,   31.07
   13.47,    4.44,   30.75
   13.54,    3.41,   30.12
   13.54,    3.41,   30.12
   13.96,    4.21,   29.95
   13.99,    3.42,   30.17
   14.06,    1.85,   30.76
   13.97,    2.11,   30.07
   14.80,    2.98,   30.66
   14.84,    3.49,   30.98
   14.30,    3.75,   30.24
   14.13,    3.03,   31.28
   13.33,    4.29,   30.86
   13.98,    2.97,   32.37
   13.10,    4.18,   31.38
   14.48,    3.61,   30.53
   13.93,    1.27,   29.72
   14.31,    3.70,   31.49
   13.68,    3.52,   31.26
   13.27,    2.14,   30.40
   13.55,    4.23,   30.18
   13.47,    4.17,   29.61
   14.21,    3.31,   30.75
   14.66,    4.55,   31.88
   13.76,    3.63,   30.72
   13.47,    4.12,   30.72
   14.09,    3.81,   30.92
   14.33,    2.59,   31.69
   14.33,    2.59,   31.69
   14.87,    2.76,   30.09
   14.38,    2.73,   29.75
   12.99,    2.80,   30.56
   15.01,    1.56,   31.13
   14.50,    2.01,   30.68
   14.50,    2.01,   30.68
   13.51,    0.96,   29.92
   13.54,    3.74,   30.14
   14.03,    1.83,   30.47
   14.07,    2.67,   30.82
   13.32,    2.39,   29.59
   14.76,    4.24,   30.33
   15.29,    4.14,   30.95
   14.47,    2.47,   30.44
   14.39,    3.49,   30.93
   14.38,    2.67,   30.86
   13.21,    1.78,   29.95
   12.81,    1.81,   30.32
   13.46,    2.87,   29.51
   14.21,    2.88,   29.60
   15.25,    4.11,   30.66
   13.94,    2.09,   29.78
   15.01,    2.91,   29.98
   13.76,    3.30,   30.70
   13.48,    1.75,   29.70
   16.08,    2.56,   31.34
   14.33,    2.16,   30.53
   13.38,    3.51,   31.23
   14.11,    1.40,   31.15
   14.36,    1.10,   29.61
   14.36,    1.10,   29.61
   14.98,    2.78,   32.06
   13.10,    3.31,   29.08
   12.20,    2.44,   30.16
   13.62,    2.99,   30.79
   13.97,    1.79,   30.04
   13.97,    1.79,   30.04
   15.02,    3.73,   30.04
   15.03,    1.80,   30.17
   14.08,    2.99,   30.85
   13.56,    1.00,   30.35
   15.09,    2.17,   30.63
   14.20,    2.00,   30.64
   13.46,    3.63,   30.68
   13.81,    2.85,   31.08
   14.83,    2.19,   30.88
   13.59,    3.78,   30.57
   14.26,    2.86,   31.14
   13.98,    1.84,   28.93
   14.82,    1.37,   30.81
   14.20,    2.00,   30.64
   15.24,    3.30,   30.59
   14.95,    1.52,   30.70
   14.71,    2.91,   29.94
   14.79,    1.84,   30.56
   15.23,    2.48,   30.53
   14.00,    0.57,   29.11
   13.59,    3.45,   30.55
   14.60,    2.89,   31.46
   14.12,    2.49,   28.86
   15.24,    3.62,   30.62
   13.99,    3.15,   29.04
   14.07,    2.40,   29.68
   15.60,    2.75,   29.90
   15.00,    3.12,   28.74
   16.11,    2.95,   30.39
   13.50,    3.38,   29.83
   13.50,    3.38,   29.83
   15.32,    2.55,   31.24
   14.13,    3.30,   28.92
   12.72,    1.74,   29.61
   15.46,    4.81,   31.16
   14.28,    2.12,   30.10
   14.28,    2.12,   30.10
   14.94,    3.62,   30.58
   13.98,    2.60,   30.11
   13.85,    2.51,   29.11
   14.13,    3.57,   30.06
   14.46,    4.83,   31.46
   13.94,    2.09,   29.78
   14.34,    2.65,   30.57
   15.75,    1.78,   29.98
   13.57,    3.17,   29.27
   15.17,    2.44,   30.10
   13.36,    2.74,   29.90
   14.07,    2.67,   30.82
   14.12,    2.75,   30.00
   14.05,    3.46,   30.60
   15.02,    2.87,   31.23
   14.26,    3.72,   29.95
   14.27,    1.36,   28.93
   14.71,    3.40,   29.98
   16.00,    3.63,   30.71
   13.67,    3.56,   30.01
   13.53,    2.92,   30.08
   13.49,    2.90,   29.79
   14.14,    1.70,   29.08
   13.85,    3.37,   31.41
   13.85,    3.37,   31.41
   13.45,    2.48,   30.59
   14.91,    2.03,   29.20
   14.77,    1.39,   29.27
   13.31,    2.66,   30.73
   14.51,    2.82,   30.75
   14.51,    2.82,   30.75
   14.17,    2.47,   30.40
   15.04,    2.62,   30.24
   13.59,    3.45,   30.55
   13.54,    2.55,   31.31
   13.54,    2.55,   31.31
   15.01,    2.91,   29.98
   13.68,    3.52,   31.26
   14.98,    2.78,   32.06
   14.59,    0.89,   29.07
   15.04,    2.13,   30.20
   14.83,    2.68,   30.91
   14.91,    2.52,   29.24
   13.89,    1.24,   29.43
   14.22,    3.69,   29.67
   13.43,    4.09,   30.44
   14.43,    3.25,   30.07
   13.56,    2.35,   29.20
   13.49,    2.57,   29.77
   14.84,    3.00,   30.94
   14.44,    3.04,   31.31
   13.71,    1.97,   30.30
   14.34,    2.65,   30.57
   14.43,    4.06,   30.14
   16.07,    2.93,   30.11
   13.19,    2.57,   29.73
   14.84,    3.49,   30.98
   14.88,    2.82,   28.98
   14.00,    4.23,   30.24
   13.22,    2.59,   30.01
   13.57,    3.17,   29.27
   13.57,    3.17,   29.27
   13.15,    2.54,   29.44
   15.02,    2.87,   31.23
   13.32,    2.39,   29.59
   14.51,    2.50,   30.72
   14.51,    2.50,   30.72
   14.25,    2.91,   29.88
   14.61,    3.71,   31.53
   13.61,    1.85,   30.70
   14.27,    3.35,   31.18
   15.02,    2.54,   31.21
   13.26,    2.35,   29.16
   13.98,    2.93,   30.13
   14.43,    3.25,   30.07
   14.46,    1.49,   30.36
   14.35,    2.38,   32.93
   15.05,    2.94,   30.26
   14.11,    2.43,   29.97
   13.62,    2.99,   30.79
   13.55,    3.37,   31.37
   13.67,    3.24,   29.98
   13.30,    1.41,   29.51
   13.59,    3.39,   31.66
   14.79,    2.65,   30.63
   14.03,    2.15,   30.50
   14.22,    3.64,   30.78
   14.31,    3.70,   31.49
   15.02,    2.87,   31.23
   13.49,    2.90,   29.79
   15.05,    2.94,   30.26
   14.20,    2.06,   29.53
   14.20,    2.06,   29.53
   14.48,    3.29,   30.50
   15.37,    3.39,   31.60
   14.25,    2.58,   29.86
   14.48,    3.29,   30.50
   14.48,    3.29,   30.50
   15.02,    2.54,   31.21
   12.95,    2.45,   30.25
   14.15,    2.02,   29.10
   15.35,    4.50,   31.40
   14.01,    1.38,   29.18
   14.01,    1.38,   29.18
   13.37,    3.29,   28.83
   14.97,    2.89,   29.69
   12.83,    3.44,   30.45
   14.35,    3.46,   30.64
   14.50,    2.01,   30.68
   14.42,    2.43,   30.01
   13.41,    2.78,   30.33
   13.93,    4.18,   29.67
   13.09,    2.87,   31.28
   14.28,    1.85,   28.97
   13.65,    1.93,   29.87
   15.50,    2.68,   29.18
   13.92,    3.36,   29.60
   14.95,    1.52,   30.70
   15.01,    2.91,   29.98
   14.31,    3.38,   31.47
   14.20,    2.06,   29.53
   14.72,    4.22,   30.05
   14.39,    3.55,   29.81
   15.37,    4.25,   30.41
   15.49,    2.24,   31.38
   12.65,    2.77,   30.24
   13.71,    2.46,   30.34
   15.04,    2.13,   30.20
   15.04,    2.13,   30.20
   15.00,    2.10,   29.91
   15.31,    1.57,   31.16
   14.81,    3.79,   30.72
   14.98,    3.65,   30.87
   14.37,    1.86,   30.79
   14.37,    1.86,   30.79
   15.94,    2.78,   30.22
   14.42,    2.76,   30.03
   13.52,    2.11,   30.01
   13.72,    3.28,   30.41
   14.37,    2.18,   30.82
   13.76,    3.30,   30.70
   13.22,    2.59,   30.01
   14.09,    4.30,   30.96
   13.57,    1.82,   30.41
   13.36,    2.74,   29.90
   14.17,    2.47,   30.40
   14.23,    3.92,   32.06
   14.54,    4.41,   32.14
   13.64,    3.43,   32.09
   13.53,    2.06,   31.27
   12.83,    3.71,   31.59
   13.41,    2.46,   30.31
   14.61,    3.71,   31.53
   13.95,    4.25,   32.19
   13.59,    2.96,   30.51
   14.84,    3.49,   30.98
   13.22,    3.45,   32.32
   14.88,    3.25,   30.13
   13.85,    3.37,   31.41
   13.70,    5.09,   32.51
   12.74,    2.29,   32.03
   15.10,    2.92,   31.80
   14.75,    3.16,   29.13
   15.19,    3.05,   31.41
   13.52,    4.15,   31.15
   13.52,    4.15,   31.15
   13.29,    3.45,   30.51
   14.29,    2.93,   30.17
   14.21,    2.82,   30.71
   14.44,    3.53,   31.35
   14.06,    4.27,   30.67
   14.06,    4.27,   30.67
   14.16,    1.98,   30.36
   13.23,    2.92,   30.04
   14.83,    2.41,   29.78
   14.93,    3.07,   31.66
   15.05,    2.08,   31.45
   15.33,    3.36,   31.31
   12.95,    2.23,   31.35
   14.44,    3.53,   31.35
   13.37,    2.70,   31.16
   14.31,    2.35,   32.64
   13.88,    2.91,   31.66
   13.68,    3.03,   31.22
   14.40,    4.30,   30.99
   15.23,    2.81,   30.55
   14.25,    2.91,   29.88
   12.92,    2.69,   31.10
   15.10,    2.92,   31.80
   14.48,    3.29,   30.50
   13.28,    3.82,   32.77
   13.05,    2.84,   30.99
   13.63,    3.21,   29.69
   14.95,    4.92,   30.69
   13.45,    2.54,   29.48
   13.13,    3.39,   31.60
   13.13,    3.39,   31.60
   13.37,    2.70,   31.16
   13.72,    3.54,   31.55
   13.54,    2.88,   31.33
   14.30,    2.56,   31.40
   13.76,    3.63,   30.72
   13.76,    3.63,   30.72
   15.28,    3.32,   30.88
   14.34,    2.91,   31.71
   13.81,    3.34,   31.12
   14.08,    3.48,   30.89
   14.08,    3.48,   30.89
   15.69,    3.30,   30.65
   12.95,    2.45,   30.25
   14.48,    3.55,   31.64
   11.81,    3.45,   30.61
   12.66,    3.86,   31.45
   14.53,    3.59,   32.07
   13.44,    4.90,   30.51
   14.84,    3.49,   30.98
   12.12,    4.27,   30.71
   13.81,    3.34,   31.12
   15.00,    3.12,   28.74
   12.48,    4.21,   30.06
   13.93,    4.67,   29.71
   13.58,    3.99,   29.33
   13.33,    4.29,   30.86
   12.48,    3.95,   28.92
   13.35,    4.84,   29.79
   13.30,    5.61,   29.43
   12.85,    5.93,   29.40
   12.85,    5.93,   29.40
   11.95,    7.01,   30.49
   11.77,    7.69,   29.13
   11.44,    6.43,   27.73
   10.60,    7.16,   30.48
   11.24,    7.90,   29.64
   11.24,    7.90,   29.64
    9.97,    9.30,   29.04
    9.56,   10.13,   29.34
    9.29,    8.05,   29.56
    8.05,   10.93,   29.22
    8.05,   10.93,   29.22
    8.55,   11.02,   28.45
    7.87,    9.94,   28.98
    7.58,   10.75,   29.01
    6.23,   10.91,   29.00
    6.89,   11.92,   29.44
    7.59,   11.56,   29.07
    6.02,   11.56,   27.35
    6.45,   11.66,   28.38
    6.42,   12.12,   28.14
    5.84,   11.76,   29.44
    5.05,   11.29,   27.91
    5.69,   12.72,   29.35
    5.14,   12.05,   30.91
    3.81,   11.80,   29.89
    4.30,   13.28,   30.21
    4.08,   12.53,   30.82
    2.62,   13.09,   29.85
    3.77,   13.43,   31.83
    2.40,   14.22,   35.08
    2.40,   14.22,   35.08
    2.97,   12.31,   33.74
    5.16,   13.09,   33.37
    2.98,   13.62,   33.85
    2.99,   14.43,   33.91
    4.05,   13.63,   33.98
    4.05,   13.63,   33.98
    2.84,   13.51,   32.70
    3.93,   12.20,   34.27
    3.56,   14.25,   33.69
    3.50,   13.19,   30.94
    3.35,   13.19,   30.92
    1.74,   14.82,   31.14
    4.17,   13.13,   30.32
    3.86,   12.64,   30.24
    3.15,   12.34,   30.55
    2.77,   12.39,   31.07
    3.24,   13.21,   31.19
    2.40,   12.93,   31.63
    3.87,   14.58,   33.75
    3.68,   13.10,   33.47
    2.97,   12.31,   33.74
    3.29,   13.25,   31.62
    2.86,   11.97,   31.75
    2.61,   12.86,   30.95
    4.38,   13.07,   33.14
    3.69,   13.32,   32.37
    2.93,   13.58,   33.42
    3.80,   15.02,   33.22
    2.96,   12.85,   32.53
    3.02,   12.89,   32.96
    1.96,   12.87,   32.83
    1.34,   11.62,   31.53
    1.90,   12.57,   31.26
    2.70,   12.93,   31.66
    2.87,   12.46,   31.78
    2.45,   12.64,   32.03
    2.45,   12.64,   32.03
    3.66,   11.47,   33.34
    3.54,   12.62,   33.56
    2.74,   12.09,   33.14
    1.20,   12.86,   32.73
    2.26,   12.88,   32.86
    2.37,   11.34,   33.73
   -0.35,   14.06,   33.48
    0.86,   12.14,   33.61
    1.81,   12.28,   35.13
   -1.03,   13.68,   32.81
   -2.09,   13.66,   32.68
   -1.04,   12.86,   32.74
   -1.88,   12.74,   33.19
   -2.12,   14.13,   32.43
   -2.82,   12.87,   32.81
   -1.84,   12.50,   32.34
   -2.48,   12.09,   33.20
   -3.54,   11.75,   33.05
   -3.83,   14.61,   34.22
   -2.69,   12.16,   33.88
   -2.72,   13.21,   34.80
   -3.33,   10.34,   33.52
   -3.32,   11.91,   34.76
   -3.69,   11.48,   35.38
   -4.91,   13.03,   32.85
   -4.11,   13.06,   33.22
   -3.58,   11.99,   33.90
   -4.65,   12.62,   33.68
   -4.81,   10.35,   33.62
   -3.48,   12.39,   34.64
   -3.48,   12.39,   34.64
   -4.45,   10.29,   32.96
   -3.52,    9.72,   32.05
   -6.85,   10.49,   31.71
   -6.87,    9.13,   32.72
   -6.54,   11.25,   32.92
   -6.67,   11.16,   31.92
   -6.12,    8.81,   32.78
   -5.66,   10.60,   32.84
   -6.65,    9.88,   32.10
   -5.98,    9.45,   32.71
   -5.98,    9.45,   32.71
   -6.57,    9.13,   32.75
   -5.75,    9.61,   34.43
   -5.86,    7.97,   32.47
   -8.08,    9.93,   32.63
   -6.32,   11.14,   33.50
   -5.44,   10.00,   33.38
   -6.69,    8.18,   32.94
   -6.64,    9.84,   33.36
   -6.02,    8.94,   32.38
   -7.50,    8.19,   31.31
   -6.55,    8.39,   31.72
   -6.69,    9.53,   31.79
   -7.72,    9.54,   31.95
   -6.21,    9.07,   32.09
   -7.54,    8.92,   32.20
   -6.02,    9.80,   31.20
   -7.09,    9.46,   31.04
   -6.62,    9.31,   31.22
   -5.98,    8.70,   31.53
   -7.98,   10.22,   32.25
   -6.03,    8.12,   32.32
   -6.79,    8.65,   31.01
   -7.62,    9.67,   31.55
   -7.75,    9.51,   31.66
   -7.32,    9.34,   31.56
   -7.32,    9.34,   31.56
   -7.68,    8.81,   31.05
   -8.22,    8.20,   31.50
   -9.18,    9.56,   32.19
   -8.56,    8.93,   32.36
   -8.56,    8.93,   32.36
   -9.93,    9.88,   32.13
   -9.87,    8.85,   31.49
  -11.54,    7.05,   31.29
  -10.01,    9.77,   32.67
  -12.99,    7.88,   31.60
  -11.85,    9.46,   31.16
  -11.81,    9.49,   31.45
  -11.54,    8.87,   33.53
  -10.52,    9.19,   33.40
  -13.44,    6.48,   30.45
  -10.67,    7.73,   33.40
  -11.42,    8.21,   33.35
  -10.54,    8.09,   32.05
  -10.71,    8.50,   33.04
  -11.48,    7.35,   32.85
  -11.46,    8.98,   32.99
  -10.66,    8.54,   33.47
  -12.53,    8.21,   31.68
  -10.66,    8.54,   33.47
  -11.38,   11.15,   33.59
   -8.51,    8.97,   32.78
   -9.80,    9.97,   33.13
  -10.04,    7.65,   32.49
  -11.30,    8.08,   31.96
   -9.84,    9.62,   32.81
   -9.84,    9.62,   32.81
  -10.74,    9.46,   32.83
   -9.64,    9.01,   33.21
  -10.48,    8.46,   32.50
  -10.56,    9.37,   31.87
  -10.56,    9.37,   31.87
  -10.50,   10.49,   33.50
  -10.97,    8.32,   31.04
   -9.56,    8.32,   32.74
  -10.73,   10.27,   32.90
  -10.39,    9.87,   32.07
  -10.31,    8.80,   32.69
  -11.57,    9.66,   33.31
  -10.54,    8.42,   32.07
  -11.11,    9.89,   32.26
  -10.27,    8.82,   32.98
  -10.88,    8.39,   31.75
  -10.58,    8.39,   31.79
  -11.23,    7.38,   31.35
  -12.43,    9.10,   32.46
  -11.17,    8.23,   31.84
  -11.01,    9.58,   30.71
  -10.87,    8.87,   31.79
   -9.77,    8.91,   32.21
   -9.71,    9.44,   32.68
  -10.36,    8.76,   32.26
  -10.44,    8.97,   32.83
   -9.95,    9.00,   33.17
  -11.82,    8.67,   31.38
  -10.08,    8.42,   32.13
  -11.44,    7.93,   32.07
  -11.44,    7.93,   32.07
  -12.13,    8.77,   32.47
  -10.21,    8.82,   31.17
  -10.81,   10.59,   31.10
  -10.66,    8.22,   33.44
  -10.66,    8.22,   33.44
  -11.15,    9.86,   31.98
  -10.35,    9.57,   32.33
  -11.29,    9.38,   32.06
   -9.91,    8.27,   32.28
  -11.66,    7.28,   30.31
  -11.66,    7.28,   30.31
  -10.03,    9.00,   31.34
  -12.35,    8.88,   31.89
   -9.95,    9.00,   33.17
  -11.87,    7.83,   31.03
  -10.09,    8.10,   32.10
   -9.77,    9.40,   32.25
  -10.61,    8.79,   32.65
   -9.50,    9.28,   30.87
  -10.02,   10.63,   31.48
   -9.31,    9.41,   32.30
  -10.25,    9.10,   34.26
  -10.51,   10.54,   32.25
  -10.16,    9.66,   31.52
  -11.29,    9.38,   32.06
  -11.32,    9.95,   32.94
  -11.43,    8.74,   32.13
   -9.67,   10.29,   33.03
  -11.73,    9.07,   32.12
  -10.73,   10.27,   32.90
  -10.47,    9.43,   32.58
   -9.89,   10.39,   32.45
   -9.93,    9.88,   32.13
  -10.29,   11.19,   34.00
   -9.80,   10.46,   33.17
   -9.80,   10.46,   33.17
  -10.28,    8.33,   32.94
  -10.10,   10.52,   32.02
   -9.83,    8.61,   30.64
  -10.06,   10.27,   31.16
  -10.82,    9.45,   31.01
  -10.82,    9.45,   31.01
   -8.87,    9.57,   32.23
  -10.06,   10.27,   31.16
   -8.64,    9.41,   30.57
   -8.19,   10.38,   30.56
   -9.06,    9.76,   30.83
   -9.07,   11.53,   30.69
   -8.80,   10.05,   30.46
   -7.79,   10.35,   30.19
   -8.02,   10.19,   28.47
   -8.29,   10.32,   29.85
   -6.22,   11.43,   29.63
   -5.44,   10.22,   28.79
   -5.64,   11.10,   29.53
   -4.74,   11.75,   29.55
   -3.87,   11.57,   29.36
   -4.62,   12.11,   28.20
   -1.60,   10.79,   29.57
   -0.94,   12.62,   30.08
   -0.65,   12.67,   28.86
   -0.79,   12.19,   28.95
   -0.62,   11.88,   29.08
    2.26,   13.37,   29.41
    3.41,   12.63,   30.19
    3.63,   12.85,   30.79
    5.28,   12.64,   31.95
    4.29,   11.65,   30.08
    6.61,   12.85,   30.73
    7.43,   10.48,   31.34
    8.90,   12.51,   32.24
    9.02,   12.17,   32.09
    9.02,   12.17,   32.09
   10.05,    9.68,   33.13
   11.32,   10.06,   33.73
   11.39,    8.97,   34.21
   13.10,    7.09,   34.83
   14.87,    5.45,   34.63
   14.87,    5.45,   34.63
   14.94,    4.75,   34.03
   15.31,    5.18,   33.41
   15.24,    3.03,   32.95
   16.10,    3.59,   33.80
   16.10,    3.59,   33.80
   15.45,    2.64,   32.24
   15.20,    0.63,   31.49
   16.20,    2.69,   31.08
   14.18,    0.70,   30.54
   14.92,    1.99,   30.45
   14.46,    1.92,   31.51
   16.82,    1.20,   32.43
   14.59,    0.40,   32.52
   14.85,    0.64,   33.41
   15.36,   -0.60,   30.44
   15.68,   -1.08,   30.58
   14.02,    2.20,   32.73
   15.18,   -1.66,   31.31
   15.02,   -0.20,   31.27
   15.24,   -0.47,   31.83
   15.25,    0.01,   31.87
   15.30,    1.51,   32.28
   14.30,   -0.68,   31.42
   15.28,   -0.77,   32.09
   16.00,   -0.47,   31.92
   15.78,   -0.68,   31.32
   16.21,   -0.53,   31.24
   15.59,    0.04,   32.19
   15.28,   -0.18,   29.76
   14.27,    0.11,   31.20
   14.27,    0.11,   31.20
   15.77,   -0.15,   30.10
   15.02,   -0.69,   31.23
   16.09,    0.46,   31.45
   15.70,    0.72,   30.72
   15.70,    0.72,   30.72
   15.42,    0.19,   32.04
   16.22,    0.29,   31.31
   15.41,    0.24,   30.79
   16.00,    0.07,   30.71
   15.92,    0.28,   31.27
   15.92,    0.28,   31.27
   16.22,    0.29,   31.31
   15.32,   -1.02,   31.24
   14.99,    0.42,   31.03
   15.16,    0.27,   31.18
   15.29,    0.96,   29.86
   14.23,    0.41,   30.94
   15.33,    0.13,   31.33
   15.92,    0.61,   31.30
   14.98,    0.14,   29.75
   15.00,    1.24,   31.10
   16.74,   -1.06,   30.71
   15.41,    0.24,   30.79
   15.92,    0.28,   31.27
   16.61,   -0.89,   30.84
   14.18,    0.70,   30.54
   14.57,    0.12,   31.24
   15.87,    1.06,   30.91
   16.75,    0.08,   30.80
   14.90,    0.36,   30.32
   14.82,    1.37,   30.81
   15.29,   -0.23,   31.02
   13.77,   -0.25,   30.83
   14.36,   -0.15,   31.89
   16.52,   -0.63,   30.16
   15.91,   -0.53,   31.21
   15.79,    0.46,   31.41
   14.71,    0.16,   30.00
   15.20,    0.89,   29.14
   14.23,    0.41,   30.94
   14.94,    0.38,   30.60
   14.94,    0.38,   30.60
   14.99,    0.42,   31.03
   15.41,    0.56,   30.82
   14.50,    0.33,   31.80
   15.74,   -0.71,   31.03
   15.20,    0.36,   30.36
   15.20,    0.36,   30.36
   14.79,   -1.67,   29.44
   15.46,   -0.54,   31.15
   14.35,    0.55,   30.69
   15.32,    0.17,   30.07
   15.32,    0.17,   30.07
   16.58,   -0.10,   30.63
   14.68,    1.65,   32.07
   15.24,    0.12,   29.50
   16.80,    0.06,   32.34
   16.06,    0.44,   31.16
   16.06,    0.44,   31.16
   15.88,    1.88,   30.98
   16.09,    1.32,   30.26
   15.70,    0.39,   30.70
   14.85,    0.64,   29.92
   16.09,    0.14,   31.42
   14.44,    0.62,   31.40
   15.59,   -0.82,   29.89
   15.79,    0.78,   31.44
   14.50,    0.33,   31.80
   16.50,   -0.21,   31.17
   15.20,    0.03,   30.33
   15.41,    0.24,   30.79
   15.12,    1.05,   30.82
   15.41,    0.56,   30.82
   16.18,    0.53,   32.16
   15.02,   -0.20,   31.27
   13.96,    0.48,   29.93
   15.20,   -0.29,   30.30
   15.78,    0.13,   31.39
   17.21,   -0.24,   30.83
   13.37,   -0.05,   31.22
   15.47,    1.09,   31.29
   14.67,    0.14,   29.71
   14.89,   -0.30,   30.27
   14.89,   -0.30,   30.27
   16.12,   -0.92,   30.50
   15.89,    1.34,   32.19
   17.29,   -0.66,   31.50
   14.90,    0.62,   31.46
   14.63,    1.61,   31.64
   14.63,    1.61,   31.64
   14.71,   -0.16,   29.97
   15.96,    0.31,   31.56
   15.26,    0.67,   31.92
   13.65,    1.07,   31.06
   15.69,   -0.26,   30.64
   15.69,   -0.26,   30.64
   14.54,    1.17,   32.16
   15.26,    0.67,   31.92
   15.35,    0.73,   32.64
   15.41,    0.56,   30.82
   14.14,    0.29,   31.34
   14.65,   -0.63,   31.89
   16.38,    1.48,   30.17
   15.07,    0.48,   31.61
   15.08,    1.02,   30.53
   14.97,   -1.54,   30.87
   15.75,    0.43,   31.13
   13.78,    0.73,   30.91
   16.13,    0.16,   31.71
   14.57,    0.12,   31.24
   15.43,    0.52,   32.07
   15.87,   -0.62,   32.03
   16.05,   -0.22,   31.11
   16.18,   -0.12,   32.11
   15.79,    0.46,   31.41
   14.89,   -0.03,   31.40
   15.37,   -0.11,   30.48
   14.61,    0.47,   31.55
   14.98,   -1.05,   30.91
   16.35,    0.05,   32.29
   16.94,    0.48,   33.37
   13.18,   -0.14,   32.03
   14.70,    0.21,   32.24
   13.07,   -1.51,   31.21
   14.86,    0.60,   31.17
   15.84,    1.30,   31.76
   15.84,    1.30,   31.76
   16.24,    1.33,   33.77
   13.92,    1.64,   31.98
   15.17,    1.36,   32.39
   14.53,    2.18,   34.33
   14.53,    2.18,   34.33
   13.84,    4.38,   33.58
   11.56,    4.68,   33.33
   12.72,    6.38,   34.17
   12.49,    8.21,   34.71
   10.48,    7.93,   35.28
   10.48,    7.93,   35.28
    9.60,    9.14,   34.29
    8.02,   11.44,   34.70
    6.47,   12.21,   34.30
    5.07,   13.78,   33.83
    5.38,   13.79,   33.87
    5.38,   13.79,   33.87
    0.78,   13.37,   33.00
    0.83,   15.78,   34.46
   -1.28,   14.74,   32.02
   -3.06,   14.80,   30.98
   -1.60,   14.29,   30.69
   -3.52,   13.98,   30.85
   -4.29,   13.91,   31.87
   -5.28,   14.75,   32.24
   -6.17,   14.92,   32.28
   -7.49,   13.53,   31.32
   -6.89,   14.99,   31.37
   -6.92,   15.72,   32.26
   -8.11,   14.65,   31.19
   -8.96,   13.49,   32.67
   -8.33,   14.17,   32.94
   -9.97,   14.11,   30.64
   -9.99,   12.75,   31.65
   -9.35,   13.91,   31.96
  -10.72,   12.01,   30.66
   -9.87,   13.11,   30.30
  -10.09,   12.36,   30.91
  -10.93,   12.07,   31.34
  -11.16,   10.77,   29.53
   -9.72,   13.22,   31.44
  -12.13,   12.50,   29.00
  -11.02,   12.00,   30.63
  -11.41,   10.97,   29.94
  -11.91,   12.33,   30.69
  -11.35,   11.50,   30.41
  -11.01,   12.82,   30.69
  -11.01,   12.82,   30.69
  -10.05,   11.63,   30.02
  -12.23,   11.29,   28.19
  -12.46,   11.77,   29.88
  -12.26,   12.78,   30.26
  -12.26,   12.78,   30.26
  -11.70,   11.78,   29.97
  -10.45,   11.56,   29.26
  -11.57,   11.93,   29.86
  -11.43,   12.57,   29.79
  -10.95,   10.97,   29.99
  -10.95,   10.97,   29.99
  -10.27,   11.20,   30.65
  -11.06,   11.65,   30.31
  -10.72,   12.44,   31.82
  -10.21,   12.86,   31.07
  -10.26,   12.50,   30.76
   -9.59,   12.77,   30.16
  -11.29,   13.16,   30.83
  -10.35,   11.95,   30.00
  -11.37,   12.88,   31.35
  -11.39,   12.27,   30.04
  -11.12,   11.61,   29.89
  -13.00,   11.16,   30.32
  -10.59,   11.51,   30.50
  -12.22,   10.06,   30.61
  -10.39,   11.92,   29.72
   -9.99,   11.99,   30.47
  -10.63,   12.28,   30.14
  -11.48,   11.67,   30.55
  -10.93,   12.61,   30.13
  -11.39,   12.60,   30.07
  -11.81,   12.78,   30.32
  -11.79,   12.20,   29.29
  -10.88,   12.32,   30.53
  -11.70,   11.78,   29.97
  -11.64,   12.31,   30.44
  -10.16,   12.57,   31.47
  -11.01,   12.49,   30.67
  -10.10,   11.11,   29.69
   -9.90,   10.17,   30.06
  -11.65,   12.09,   31.54
  -11.65,   12.09,   31.54
  -10.63,   12.28,   30.14
  -11.28,   13.97,   30.89
   -9.96,   12.45,   31.91
  -11.55,   12.38,   31.15
  -12.08,   13.02,   29.32
  -12.08,   13.02,   29.32
  -10.76,   11.17,   30.31
  -10.29,   12.80,   30.50
  -10.67,   12.52,   30.99
  -11.22,   11.10,   31.37
  -11.22,   11.10,   31.37
   -9.70,   11.61,   31.59
  -10.45,   12.74,   31.59
  -10.58,   12.32,   30.57
  -10.12,   12.33,   30.62
  -11.62,   14.21,   31.71
  -11.06,   11.65,   30.31
  -11.71,   10.96,   29.90
  -10.58,   12.32,   30.57
  -12.00,   12.27,   29.97
  -11.29,   11.81,   31.98
  -12.21,   11.20,   30.70
  -11.31,   11.85,   30.72
  -10.71,   12.82,   30.73
  -10.94,   12.28,   30.10
  -10.85,   11.00,   31.96
  -11.20,   12.73,   31.50
  -10.36,   12.48,   32.28
  -11.31,   14.27,   30.63
  -11.02,   11.68,   30.60
  -11.64,   12.04,   32.79
  -12.89,   12.86,   31.17
  -11.99,   12.92,   33.52
  -11.47,   12.43,   31.72
  -12.20,   11.69,   30.74
  -12.35,   12.12,   31.87
  -12.35,   12.12,   31.87
  -13.49,   10.54,   32.31
  -14.49,    9.49,   31.54
  -14.66,    9.91,   32.53
  -14.80,    9.43,   32.62
  -14.80,    9.43,   32.62
  -15.98,    7.34,   32.73
  -14.63,    7.77,   33.90
  -17.38,    6.59,   33.48
  -17.70,    9.06,   32.10
  -16.92,    6.60,   33.53
  -16.92,    6.60,   33.53
  -17.37,    7.41,   33.54
  -18.57,    6.75,   33.48
  -18.28,    4.86,   32.25
  -18.62,    5.42,   33.09
  -18.16,    3.28,   30.88
  -18.16,    3.28,   30.88
  -20.85,    3.76,   30.87
  -19.83,    1.86,   29.59
  -19.76,    1.15,   28.98
  -20.35,    0.24,   27.86
  -19.71,    0.05,   29.32
  -20.67,   -0.91,   27.73
  -20.07,   -0.59,   27.69
  -21.15,   -0.23,   26.33
  -21.42,   -1.88,   27.70
  -19.66,   -2.28,   28.58
  -20.66,   -1.17,   26.59
  -19.90,   -3.58,   26.77
  -20.07,   -2.90,   25.41
  -19.40,   -2.74,   27.18
  -21.69,   -3.37,   25.59
  -20.02,   -5.77,   25.88
  -20.44,   -4.19,   27.21
  -20.67,   -4.90,   26.57
  -21.61,   -5.68,   25.14
  -20.27,   -6.55,   26.21
  -20.47,   -7.50,   24.71
  -19.88,   -5.95,   25.74
  -20.04,   -7.89,   25.71
  -21.65,   -9.76,   24.81
  -19.90,   -7.25,   25.64
  -19.73,   -8.79,   24.70
  -20.63,   -8.91,   23.46
  -20.86,   -9.02,   23.98
  -19.98,   -9.41,   25.04
  -20.73,   -9.79,   26.17
  -20.73,   -9.79,   26.17
  -20.02,   -9.76,   24.72
  -20.76,  -11.38,   24.79
  -20.16,   -9.92,   24.84
  -18.48,  -10.53,   25.13
  -18.48,  -10.53,   25.13
  -20.66,  -10.87,   23.30
  -19.37,  -10.64,   24.04
  -19.60,   -8.70,   25.70
  -19.48,  -10.18,   25.46
  -19.29,  -12.20,   24.62
  -20.00,  -11.90,   26.09
  -21.53,  -10.75,   24.60
  -19.24,  -11.03,   25.00
  -20.40,   -9.88,   25.23
  -19.07,   -9.67,   24.01
  -20.16,   -9.92,   24.84
  -20.96,  -10.50,   25.53
  -19.63,  -11.64,   25.46
  -20.55,   -9.99,   24.08
  -20.44,  -11.47,   23.84
  -18.76,  -10.26,   26.37
  -19.48,  -10.51,   25.43
  -19.53,  -10.59,   26.25
  -19.69,  -12.76,   23.83
  -18.78,  -11.56,   26.27
  -20.28,  -10.60,   26.16
  -19.19,  -10.99,   25.43
  -19.08,   -9.62,   26.25
  -19.72,  -11.22,   24.78
  -18.85,   -9.83,   25.70
  -20.16,  -10.41,   24.80
  -20.46,  -10.35,   23.65
  -21.52,  -10.36,   23.52
  -19.29,   -8.70,   25.74
  -19.16,  -11.78,   25.65
  -19.16,  -11.78,   25.65
  -20.75,  -11.10,   26.07
  -20.33,  -11.12,   25.84
  -19.65,  -10.36,   25.28
  -19.54,  -10.22,   25.03
  -19.60,   -8.70,   25.70
  -19.60,   -8.70,   25.70
  -20.88,  -11.68,   25.03
  -19.50,  -11.81,   25.32
  -19.42,  -12.03,   24.76
  -18.59,  -10.35,   25.41
  -20.34,  -11.40,   24.55
  -20.34,  -11.40,   24.55
  -20.16,  -10.35,   23.68
  -20.46,   -9.92,   24.80
  -20.13,  -12.49,   25.05
  -18.92,  -11.12,   24.05
  -19.71,  -10.40,   24.85
  -20.38,  -11.43,   24.27
  -21.51,  -12.78,   23.60
  -20.50,  -10.44,   24.47
  -19.98,  -11.89,   22.74
  -19.91,  -10.98,   25.62
  -19.91,  -10.98,   25.62
  -20.88,  -10.33,   23.88
  -20.05,   -9.03,   25.62
  -20.17,  -11.22,   24.73
  -18.80,  -10.28,   26.09
  -20.88,   -8.01,   26.16
  -20.12,  -11.18,   25.16
  -21.18,   -8.02,   26.12
  -20.80,   -8.76,   26.81
  -20.95,   -7.04,   27.90
  -20.69,   -6.53,   26.44
  -19.08,   -6.18,   28.48
  -20.45,   -5.01,   27.15
  -18.84,   -4.65,   29.19
  -20.82,   -6.36,   26.58
  -21.02,   -5.58,   29.69
  -20.40,   -5.03,   28.69
  -20.48,   -4.01,   29.18
  -18.81,   -5.38,   28.29
  -19.93,   -3.88,   28.84
  -19.93,   -3.88,   28.84
  -20.30,   -2.53,   29.46
  -19.72,   -3.18,   29.34
  -20.98,   -1.73,   27.63
  -20.98,   -1.73,   27.63
  -20.98,   -1.73,   27.63
  -19.20,   -2.06,   27.54
  -19.60,   -0.40,   27.90
  -19.67,   -0.19,   28.47
  -20.34,    0.73,   27.90
  -19.17,    0.23,   27.72
  -19.17,    0.23,   27.72
  -18.27,    1.64,   28.92
  -18.81,    1.79,   30.54
  -17.43,    0.41,   29.62
  -18.81,    1.79,   30.54
  -18.50,    1.58,   24.84
  -19.26,    0.98,   27.07
  -17.73,    2.90,   25.04
  -16.49,    2.49,   27.67
  -19.19,    0.27,   26.47
  -18.50,    2.34,   26.02
  -19.04,    1.41,   26.43
  -17.76,    3.63,   25.93
  -17.73,    1.49,   27.30
  -17.56,    3.02,   26.32
  -20.03,    3.60,   25.65
  -17.99,    3.78,   27.59
  -19.35,    4.09,   27.45
  -16.79,    2.98,   27.67
  -17.40,    4.43,   27.57
  -18.62,    1.65,   27.34
  -17.89,    3.80,   26.07
  -17.42,    2.63,   27.43
  -16.70,    2.23,   28.32
  -17.59,    2.45,   27.25
  -18.31,    2.14,   27.42
  -19.26,    2.00,   25.90
  -16.96,    2.64,   27.48
  -18.28,    2.17,   27.71
  -19.29,    2.57,   26.78
  -19.19,    3.45,   27.56
  -19.19,    3.45,   27.56
  -17.58,    3.21,   28.43
  -17.92,    2.22,   28.17
  -18.34,    3.20,   28.34
  -19.78,    2.97,   27.59
  -18.57,    3.31,   27.76
  -18.57,    3.31,   27.76
  -16.72,    4.59,   29.34
  -17.33,    2.64,   29.25
  -16.65,    2.54,   29.89
  -18.81,    5.88,   29.34
  -17.93,    4.84,   30.34
  -18.62,    2.51,   29.65
  -18.08,    3.45,   29.23
  -18.08,    2.58,   30.42
  -18.90,    1.72,   29.83
  -18.17,    2.52,   29.70
  -18.28,    4.00,   29.95
  -18.34,    2.34,   29.53
  -18.92,    3.32,   29.68
  -19.48,    1.62,   28.77
  -17.19,    2.79,   29.14
  -18.67,    2.80,   29.24
  -18.83,    3.93,   29.18
  -18.29,    3.24,   28.77
  -17.44,    4.18,   28.39
  -17.36,    3.43,   29.04
  -17.06,    3.11,   29.05
  -18.33,    4.02,   28.41
  -18.88,    3.35,   29.96
  -19.14,    3.11,   29.07
  -18.79,    2.33,   29.47
  -18.71,    3.26,   29.00
  -19.80,    3.22,   28.58
  -16.61,    2.30,   29.03
  -17.20,    2.47,   29.12
  -18.14,    2.06,   29.95
  -18.14,    2.06,   29.95
  -16.88,    4.04,   30.40
  -18.02,    3.49,   29.66
  -17.38,    4.65,   29.97
  -16.40,    5.74,   29.47
  -16.40,    5.74,   29.47
  -15.16,    8.20,   29.82
  -16.36,    5.82,   28.65
  -16.23,    8.83,   29.60
  -14.35,   10.14,   27.98
  -12.15,   10.05,   28.80
  -11.61,   11.58,   29.54
  -11.10,   12.16,   28.81
  -10.92,   13.42,   30.19
   -9.41,   13.17,   29.24
  -10.24,   14.40,   28.54
   -8.47,   13.85,   29.55
   -7.16,   14.26,   30.44
   -4.81,   13.32,   28.97
   -4.90,   15.46,   29.41
   -4.02,   16.53,   30.44
   -2.00,   14.32,   31.07
   -2.28,   16.44,   31.20
    0.09,   16.54,   32.19
    2.07,   16.68,   33.70
    2.71,   16.06,   34.01
    3.51,   15.83,   33.25
    5.10,   15.96,   32.89
    3.39,   14.67,   31.19
    7.59,   12.75,   31.40
    9.29,   12.58,   32.99
    8.96,   10.39,   33.89
   10.77,   10.52,   31.75
    9.80,    9.82,   31.16
   12.73,    9.40,   31.90
   11.88,    8.30,   32.26
   11.88,    8.30,   32.26
   12.61,    7.54,   31.04
   12.85,    5.07,   30.59
   14.68,    3.70,   29.72
   14.43,    3.57,   30.10
   14.00,    4.23,   30.24
   14.00,    4.23,   30.24
   15.17,    1.68,   28.92
   14.69,    1.28,   29.81
   14.29,   -0.08,   29.09
   15.47,    0.23,   28.98
   14.31,    0.52,   30.40
   14.31,    0.52,   30.40
   15.09,   -1.17,   29.52
   14.64,    0.11,   29.43
   15.25,    1.20,   30.71
   14.29,    2.93,   30.17
   14.80,    2.98,   30.66
   14.17,    2.79,   30.43
   14.80,    2.98,   30.66
   15.32,    3.41,   30.05
   14.16,    1.98,   30.36
   13.39,    2.01,   29.01
   14.18,    3.28,   30.46
   13.84,    2.55,   31.34
   13.31,    1.90,   29.55
   13.95,    3.39,   29.89
   12.56,    2.97,   30.66
   11.72,    3.71,   29.92
   12.16,    3.44,   32.19
   12.46,    2.95,   32.19
   12.21,    1.70,   32.62
   12.43,    0.83,   32.01
   13.50,    3.12,   32.19
   13.00,    2.27,   31.78
   12.33,    3.35,   31.23
